Date Local,NO2_AQI,O3_AQI,SO2_AQI,CO_AQI,id,State Code,State
2008-10-01,0,22,0.0,1.0,36101,36,New York
2008-10-02,1,24,0.0,1.0,36101,36,New York
2008-10-03,2,23,11.0,1.0,36101,36,New York
2008-10-04,2,25,11.0,1.0,36101,36,New York
2008-10-05,2,28,11.0,1.0,36101,36,New York
2008-10-06,2,26,11.0,1.0,36101,36,New York
2008-10-07,3,26,0.0,1.0,36101,36,New York
2008-10-08,6,31,3.0,2.0,36101,36,New York
2008-10-09,2,31,1.0,1.0,36101,36,New York
2008-10-10,2,34,1.0,1.0,36101,36,New York
2008-10-11,5,37,1.0,1.0,36101,36,New York
2008-10-12,2,41,1.0,1.0,36101,36,New York
2008-10-13,7,50,14.0,1.0,36101,36,New York
2008-10-14,5,36,26.0,1.0,36101,36,New York
2008-10-15,4,34,10.0,1.0,36101,36,New York
2008-10-16,4,22,21.0,1.0,36101,36,New York
2008-10-17,2,20,0.0,1.0,36101,36,New York
2008-10-18,1,25,0.0,1.0,36101,36,New York
2008-10-19,8,29,0.0,1.0,36101,36,New York
2008-10-20,6,31,16.0,1.0,36101,36,New York
2008-10-21,6,19,13.0,1.0,36101,36,New York
2008-10-22,1,17,0.0,1.0,36101,36,New York
2008-10-23,5,21,6.0,1.0,36101,36,New York
2008-10-24,8,21,14.0,1.0,36101,36,New York
2008-10-25,4,25,3.0,1.0,36101,36,New York
2008-10-26,3,31,11.0,1.0,36101,36,New York
2008-10-27,2,25,0.0,1.0,36101,36,New York
2008-10-28,2,20,1.0,1.0,36101,36,New York
2008-10-29,2,21,0.0,1.0,36101,36,New York
2008-10-30,1,26,1.0,1.0,36101,36,New York
2008-10-31,8,42,17.0,2.0,36101,36,New York
2008-11-01,6,32,9.0,2.0,36101,36,New York
2008-11-02,4,25,9.0,1.0,36101,36,New York
2008-11-03,8,33,13.0,2.0,36101,36,New York
2008-11-04,6,35,3.0,2.0,36101,36,New York
2008-11-05,8,33,3.0,2.0,36101,36,New York
2008-11-06,4,31,3.0,2.0,36101,36,New York
2008-11-07,4,25,4.0,2.0,36101,36,New York
2008-11-08,5,25,4.0,1.0,36101,36,New York
2008-11-09,4,13,4.0,1.0,36101,36,New York
2008-11-10,4,21,4.0,1.0,36101,36,New York
2008-11-11,9,19,1.0,1.0,36101,36,New York
2008-11-12,2,17,3.0,1.0,36101,36,New York
2008-11-13,6,19,4.0,1.0,36101,36,New York
2008-11-14,3,23,1.0,2.0,36101,36,New York
2008-11-15,1,14,3.0,2.0,36101,36,New York
2008-11-16,0,22,0.0,1.0,36101,36,New York
2008-11-17,0,25,0.0,1.0,36101,36,New York
2008-11-18,0,25,0.0,1.0,36101,36,New York
2008-11-19,0,25,0.0,1.0,36101,36,New York
2008-11-20,1,23,11.0,2.0,36101,36,New York
2008-11-21,1,24,1.0,1.0,36101,36,New York
2008-11-22,1,24,1.0,1.0,36101,36,New York
2008-11-23,2,21,27.0,1.0,36101,36,New York
2008-11-24,2,22,33.0,2.0,36101,36,New York
2008-11-25,1,21,7.0,2.0,36101,36,New York
2008-11-26,1,22,3.0,2.0,36101,36,New York
2008-11-27,1,19,23.0,2.0,36101,36,New York
2008-11-28,1,22,17.0,2.0,36101,36,New York
2008-11-29,0,24,1.0,2.0,36101,36,New York
2008-11-30,1,18,1.0,2.0,36101,36,New York
2008-12-01,0,21,9.0,2.0,36101,36,New York
2008-12-10,7,20,7.0,2.0,36101,36,New York
2008-12-11,11,14,3.0,2.0,36101,36,New York
2008-12-12,8,22,1.0,2.0,36101,36,New York
2008-12-13,6,25,16.0,1.0,36101,36,New York
2008-12-14,12,21,7.0,2.0,36101,36,New York
2008-12-15,3,25,3.0,2.0,36101,36,New York
2008-12-16,5,19,1.0,2.0,36101,36,New York
2008-12-17,9,17,9.0,2.0,36101,36,New York
2008-12-18,8,17,3.0,2.0,36101,36,New York
2008-12-19,18,19,4.0,2.0,36101,36,New York
2008-12-20,6,20,1.0,2.0,36101,36,New York
2008-12-21,12,27,10.0,2.0,36101,36,New York
2008-12-22,5,26,4.0,2.0,36101,36,New York
2008-12-23,5,19,11.0,2.0,36101,36,New York
2008-12-29,5,30,10.0,1.0,36101,36,New York
2008-12-30,3,28,1.0,1.0,36101,36,New York
2008-12-31,4,26,1.0,1.0,36101,36,New York
2009-01-01,1,28,1.0,1.0,36101,36,New York
2009-01-02,4,24,6.0,2.0,36101,36,New York
2009-01-03,5,24,3.0,2.0,36101,36,New York
2009-01-04,9,26,11.0,2.0,36101,36,New York
2009-01-05,5,29,10.0,2.0,36101,36,New York
2009-01-06,8,25,3.0,2.0,36101,36,New York
2009-01-07,16,13,7.0,2.0,36101,36,New York
2009-01-08,9,29,4.0,2.0,36101,36,New York
2009-01-09,6,27,1.0,2.0,36101,36,New York
2009-01-10,9,19,6.0,2.0,36101,36,New York
2009-01-11,8,31,1.0,2.0,36101,36,New York
2009-01-12,4,25,9.0,2.0,36101,36,New York
2009-01-14,8,28,0.0,2.0,36101,36,New York
2009-01-15,8,25,4.0,2.0,36101,36,New York
2009-01-16,7,25,7.0,2.0,36101,36,New York
2009-01-17,8,25,27.0,2.0,36101,36,New York
2009-01-18,11,21,24.0,2.0,36101,36,New York
2009-01-19,5,24,4.0,2.0,36101,36,New York
2009-01-20,8,23,6.0,3.0,36101,36,New York
2009-01-21,7,28,10.0,2.0,36101,36,New York
2009-01-22,8,25,16.0,2.0,36101,36,New York
2009-01-23,10,40,31.0,2.0,36101,36,New York
2009-01-24,6,31,1.0,2.0,36101,36,New York
2009-01-25,8,30,6.0,2.0,36101,36,New York
2009-01-26,3,32,4.0,2.0,36101,36,New York
2009-01-27,3,31,7.0,2.0,36101,36,New York
2009-01-29,5,30,13.0,2.0,36101,36,New York
2009-01-30,6,34,11.0,2.0,36101,36,New York
2009-01-31,5,32,27.0,2.0,36101,36,New York
2009-02-01,9,34,24.0,2.0,36101,36,New York
2009-02-02,7,32,7.0,2.0,36101,36,New York
2009-02-03,6,34,4.0,2.0,36101,36,New York
2009-02-04,2,31,1.0,1.0,36101,36,New York
2009-02-05,8,31,4.0,2.0,36101,36,New York
2009-02-06,7,31,26.0,2.0,36101,36,New York
2009-02-07,8,39,40.0,2.0,36101,36,New York
2009-02-08,4,33,1.0,2.0,36101,36,New York
2009-02-09,3,35,3.0,2.0,36101,36,New York
2009-02-10,7,28,16.0,2.0,36101,36,New York
2009-02-11,10,34,11.0,2.0,36101,36,New York
2009-02-12,2,31,3.0,2.0,36101,36,New York
2009-02-13,4,33,6.0,2.0,36101,36,New York
2009-02-14,4,28,7.0,2.0,36101,36,New York
2009-02-15,5,31,3.0,2.0,36101,36,New York
2009-02-16,1,31,1.0,1.0,36101,36,New York
2009-02-17,2,32,3.0,2.0,36101,36,New York
2009-02-18,8,25,19.0,2.0,36101,36,New York
2009-02-19,4,30,1.0,2.0,36101,36,New York
2009-02-20,1,31,1.0,1.0,36101,36,New York
2009-02-21,6,33,14.0,2.0,36101,36,New York
2009-02-22,6,32,13.0,2.0,36101,36,New York
2009-02-23,2,33,3.0,1.0,36101,36,New York
2009-02-24,4,30,3.0,2.0,36101,36,New York
2009-02-25,9,34,11.0,2.0,36101,36,New York
2009-02-26,9,40,10.0,2.0,36101,36,New York
2009-02-27,11,28,27.0,2.0,36101,36,New York
2009-02-28,3,30,1.0,2.0,36101,36,New York
2009-03-01,2,31,3.0,2.0,36101,36,New York
2009-03-02,1,30,3.0,1.0,36101,36,New York
2009-03-03,14,32,1.0,2.0,36101,36,New York
2009-03-04,8,36,4.0,2.0,36101,36,New York
2009-03-05,14,34,26.0,2.0,36101,36,New York
2009-03-06,14,45,14.0,2.0,36101,36,New York
2009-03-07,6,31,9.0,2.0,36101,36,New York
2009-03-08,2,35,0.0,2.0,36101,36,New York
2009-03-09,5,30,0.0,2.0,36101,36,New York
2009-03-10,7,27,3.0,2.0,36101,36,New York
2009-03-11,6,37,3.0,2.0,36101,36,New York
2009-03-12,3,28,0.0,2.0,36101,36,New York
2009-03-13,3,34,3.0,2.0,36101,36,New York
2009-03-14,3,42,1.0,2.0,36101,36,New York
2009-03-15,4,46,4.0,2.0,36101,36,New York
2009-03-16,9,45,10.0,2.0,36101,36,New York
2009-03-17,12,42,4.0,2.0,36101,36,New York
2009-03-18,4,43,11.0,2.0,36101,36,New York
2009-03-19,2,40,0.0,2.0,36101,36,New York
2009-03-20,1,35,1.0,1.0,36101,36,New York
2009-03-21,1,40,0.0,2.0,36101,36,New York
2009-03-22,4,33,3.0,2.0,36101,36,New York
2009-03-23,1,37,0.0,2.0,36101,36,New York
2009-03-26,6,30,4.0,2.0,36101,36,New York
2009-03-27,5,39,3.0,2.0,36101,36,New York
2009-03-28,5,40,9.0,2.0,36101,36,New York
2009-03-29,4,30,0.0,2.0,36101,36,New York
2009-03-30,1,27,0.0,2.0,36101,36,New York
2009-03-31,5,37,1.0,2.0,36101,36,New York
2009-04-01,5,31,1.0,2.0,36101,36,New York
2009-04-02,3,46,3.0,2.0,36101,36,New York
2009-04-03,3,36,1.0,2.0,36101,36,New York
2009-04-04,0,36,0.0,2.0,36101,36,New York
2009-04-05,4,43,0.0,2.0,36101,36,New York
2009-04-06,3,39,1.0,2.0,36101,36,New York
2009-04-07,1,36,1.0,2.0,36101,36,New York
2009-04-08,1,42,3.0,2.0,36101,36,New York
2009-04-09,2,45,4.0,2.0,36101,36,New York
2009-04-10,5,46,4.0,2.0,36101,36,New York
2009-04-11,1,37,0.0,2.0,36101,36,New York
2009-04-12,1,38,0.0,2.0,36101,36,New York
2009-04-13,4,42,0.0,2.0,36101,36,New York
2009-04-14,5,38,6.0,2.0,36101,36,New York
2009-04-15,4,44,1.0,2.0,36101,36,New York
2009-04-16,2,51,0.0,2.0,36101,36,New York
2009-04-17,3,47,0.0,2.0,36101,36,New York
2009-04-18,4,61,3.0,2.0,36101,36,New York
2009-04-19,3,42,0.0,2.0,36101,36,New York
2009-04-20,3,40,0.0,2.0,36101,36,New York
2009-04-21,1,42,4.0,2.0,36101,36,New York
2009-04-22,1,33,3.0,2.0,36101,36,New York
2009-04-23,1,35,0.0,2.0,36101,36,New York
2009-04-24,3,50,11.0,2.0,36101,36,New York
2009-04-25,2,47,7.0,2.0,36101,36,New York
2009-04-26,4,44,0.0,2.0,36101,36,New York
2009-04-27,4,54,7.0,2.0,36101,36,New York
2009-04-28,3,46,9.0,2.0,36101,36,New York
2009-04-29,4,42,0.0,2.0,36101,36,New York
2009-04-30,6,40,4.0,2.0,36101,36,New York
2009-05-01,3,37,0.0,2.0,36101,36,New York
2009-05-02,1,38,1.0,2.0,36101,36,New York
2009-05-03,1,42,1.0,2.0,36101,36,New York
2009-05-04,3,43,3.0,2.0,36101,36,New York
2009-05-05,2,41,0.0,2.0,36101,36,New York
2009-05-06,2,30,0.0,2.0,36101,36,New York
2009-05-07,4,41,0.0,2.0,36101,36,New York
2009-05-08,5,41,4.0,2.0,36101,36,New York
2009-05-09,1,41,3.0,2.0,36101,36,New York
2009-05-10,0,31,0.0,2.0,36101,36,New York
2009-05-11,2,42,0.0,2.0,36101,36,New York
2009-05-12,4,40,0.0,2.0,36101,36,New York
2009-05-13,6,51,6.0,2.0,36101,36,New York
2009-05-14,3,38,1.0,2.0,36101,36,New York
2009-05-15,4,47,0.0,2.0,36101,36,New York
2009-05-16,3,36,3.0,2.0,36101,36,New York
2009-05-17,1,41,0.0,2.0,36101,36,New York
2009-05-18,3,45,0.0,2.0,36101,36,New York
2009-05-19,1,44,3.0,2.0,36101,36,New York
2009-05-20,4,58,16.0,2.0,36101,36,New York
2009-05-21,3,87,13.0,2.0,36101,36,New York
2009-05-22,2,77,6.0,2.0,36101,36,New York
2009-05-23,2,46,0.0,2.0,36101,36,New York
2009-05-24,2,49,1.0,2.0,36101,36,New York
2009-05-25,1,38,0.0,2.0,36101,36,New York
2009-05-26,3,29,0.0,2.0,36101,36,New York
2009-05-27,2,19,0.0,2.0,36101,36,New York
2009-05-28,4,31,0.0,2.0,36101,36,New York
2009-05-29,1,31,0.0,2.0,36101,36,New York
2009-05-30,1,40,0.0,2.0,36101,36,New York
2009-05-31,1,33,0.0,2.0,36101,36,New York
2009-06-01,1,37,1.0,1.0,36101,36,New York
2009-06-02,4,30,3.0,2.0,36101,36,New York
2009-06-03,4,28,10.0,2.0,36101,36,New York
2009-06-04,3,36,0.0,2.0,36101,36,New York
2009-06-05,3,35,0.0,2.0,36101,36,New York
2009-06-06,4,47,1.0,2.0,36101,36,New York
2009-06-07,3,34,0.0,2.0,36101,36,New York
2009-06-08,5,25,0.0,2.0,36101,36,New York
2009-06-09,2,41,0.0,2.0,36101,36,New York
2009-06-10,4,36,0.0,2.0,36101,36,New York
2009-06-11,4,28,0.0,2.0,36101,36,New York
2009-06-12,2,27,0.0,2.0,36101,36,New York
2009-06-13,2,29,0.0,2.0,36101,36,New York
2009-06-14,1,33,0.0,2.0,36101,36,New York
2009-06-15,2,44,0.0,2.0,36101,36,New York
2009-06-16,2,37,0.0,3.0,36101,36,New York
2009-06-17,2,31,0.0,2.0,36101,36,New York
2009-06-18,1,22,0.0,2.0,36101,36,New York
2009-06-19,2,28,0.0,2.0,36101,36,New York
2009-06-20,1,25,0.0,2.0,36101,36,New York
2009-06-21,0,24,0.0,1.0,36101,36,New York
2009-06-22,1,35,0.0,1.0,36101,36,New York
2009-06-23,1,32,0.0,1.0,36101,36,New York
2009-06-24,2,39,0.0,2.0,36101,36,New York
2009-06-25,2,42,0.0,2.0,36101,36,New York
2009-06-26,1,36,0.0,2.0,36101,36,New York
2009-06-27,1,32,0.0,2.0,36101,36,New York
2009-06-28,2,31,0.0,2.0,36101,36,New York
2009-06-29,1,29,0.0,2.0,36101,36,New York
2009-06-30,1,21,0.0,1.0,36101,36,New York
2009-07-01,5,25,0.0,2.0,36101,36,New York
2009-07-02,7,24,0.0,2.0,36101,36,New York
2009-07-03,1,16,0.0,1.0,36101,36,New York
2009-07-06,2,31,0.0,1.0,36101,36,New York
2009-07-07,1,30,0.0,1.0,36101,36,New York
2009-07-08,2,21,0.0,1.0,36101,36,New York
2009-07-09,4,28,0.0,1.0,36101,36,New York
2009-07-10,4,36,1.0,1.0,36101,36,New York
2009-07-11,2,34,7.0,2.0,36101,36,New York
2009-07-12,0,25,0.0,1.0,36101,36,New York
2009-07-13,1,26,0.0,1.0,36101,36,New York
2009-07-14,1,31,0.0,1.0,36101,36,New York
2009-07-15,1,40,4.0,1.0,36101,36,New York
2009-07-16,2,39,4.0,2.0,36101,36,New York
2009-07-17,1,29,0.0,2.0,36101,36,New York
2009-07-18,1,21,0.0,2.0,36101,36,New York
2009-07-19,1,19,0.0,1.0,36101,36,New York
2009-07-20,3,28,3.0,1.0,36101,36,New York
2009-07-21,5,32,0.0,2.0,36101,36,New York
2009-07-22,1,35,3.0,2.0,36101,36,New York
2009-07-23,2,32,3.0,2.0,36101,36,New York
2009-07-24,1,35,0.0,2.0,36101,36,New York
2009-07-25,2,36,20.0,2.0,36101,36,New York
2009-07-26,1,29,4.0,2.0,36101,36,New York
2009-07-27,1,29,3.0,1.0,36101,36,New York
2009-07-28,1,38,13.0,2.0,36101,36,New York
2009-07-29,2,28,6.0,2.0,36101,36,New York
2009-07-30,1,32,0.0,2.0,36101,36,New York
2009-07-31,1,27,0.0,2.0,36101,36,New York
2009-08-01,1,39,9.0,2.0,36101,36,New York
2009-08-02,1,27,3.0,2.0,36101,36,New York
2009-08-03,1,33,9.0,2.0,36101,36,New York
2009-08-04,2,40,10.0,2.0,36101,36,New York
2009-08-05,2,30,7.0,2.0,36101,36,New York
2009-08-06,1,27,0.0,1.0,36101,36,New York
2009-08-07,1,28,0.0,1.0,36101,36,New York
2009-08-14,1,31,0.0,2.0,36101,36,New York
2009-08-15,2,37,0.0,3.0,36101,36,New York
2009-08-16,1,42,6.0,2.0,36101,36,New York
2009-08-17,2,42,14.0,2.0,36101,36,New York
2009-08-18,1,36,6.0,2.0,36101,36,New York
2009-08-19,1,36,0.0,2.0,36101,36,New York
2009-08-20,1,28,9.0,2.0,36101,36,New York
2009-08-21,1,29,3.0,1.0,36101,36,New York
2009-08-22,1,30,4.0,1.0,36101,36,New York
2009-08-23,1,26,0.0,1.0,36101,36,New York
2009-08-24,1,22,0.0,2.0,36101,36,New York
2009-08-25,1,34,0.0,2.0,36101,36,New York
2009-08-26,1,32,3.0,2.0,36101,36,New York
2009-08-27,1,26,0.0,1.0,36101,36,New York
2009-08-28,3,19,0.0,2.0,36101,36,New York
2009-08-29,1,29,0.0,2.0,36101,36,New York
2009-08-30,0,24,0.0,1.0,36101,36,New York
2009-08-31,1,23,0.0,1.0,36101,36,New York
2009-09-01,7,33,0.0,1.0,36101,36,New York
2009-09-02,3,36,0.0,1.0,36101,36,New York
2009-09-03,6,36,0.0,2.0,36101,36,New York
2009-09-04,4,40,9.0,2.0,36101,36,New York
2009-09-05,1,34,1.0,2.0,36101,36,New York
2009-09-06,8,23,0.0,2.0,36101,36,New York
2009-09-07,1,23,0.0,2.0,36101,36,New York
2009-09-08,2,35,0.0,2.0,36101,36,New York
2009-09-09,7,30,0.0,2.0,36101,36,New York
2009-09-10,6,27,0.0,2.0,36101,36,New York
2009-09-11,3,23,0.0,1.0,36101,36,New York
2009-09-12,0,18,0.0,1.0,36101,36,New York
2009-09-13,1,31,0.0,2.0,36101,36,New York
2009-09-14,0,27,0.0,2.0,36101,36,New York
2009-09-15,1,23,0.0,1.0,36101,36,New York
2009-09-16,1,24,0.0,1.0,36101,36,New York
2009-09-17,1,21,0.0,1.0,36101,36,New York
2009-09-18,1,31,0.0,1.0,36101,36,New York
2009-09-19,7,27,0.0,1.0,36101,36,New York
2009-09-20,3,36,1.0,2.0,36101,36,New York
2009-09-21,2,35,3.0,2.0,36101,36,New York
2009-09-22,2,29,1.0,2.0,36101,36,New York
2009-09-25,6,18,0.0,1.0,36101,36,New York
2009-09-26,2,19,0.0,1.0,36101,36,New York
2009-09-27,0,21,0.0,1.0,36101,36,New York
2009-09-28,1,25,0.0,1.0,36101,36,New York
2009-09-29,1,18,0.0,1.0,36101,36,New York
2009-09-30,2,13,0.0,1.0,36101,36,New York
2009-10-01,1,16,0.0,2.0,36101,36,New York
2009-10-02,7,19,0.0,2.0,36101,36,New York
2009-10-03,1,28,1.0,2.0,36101,36,New York
2009-10-04,1,19,0.0,1.0,36101,36,New York
2009-10-05,1,8,0.0,1.0,36101,36,New York
2009-10-07,3,19,0.0,2.0,36101,36,New York
2009-10-08,2,24,1.0,1.0,36101,36,New York
2009-10-09,5,16,3.0,2.0,36101,36,New York
2009-10-10,3,23,0.0,2.0,36101,36,New York
2009-10-11,1,25,0.0,1.0,36101,36,New York
2009-10-12,5,20,1.0,1.0,36101,36,New York
2009-10-13,6,21,1.0,2.0,36101,36,New York
2009-10-14,3,17,0.0,1.0,36101,36,New York
2009-10-15,3,17,0.0,1.0,36101,36,New York
2009-10-16,4,15,0.0,1.0,36101,36,New York
2009-10-17,3,19,0.0,1.0,36101,36,New York
2009-10-18,2,25,0.0,1.0,36101,36,New York
2009-10-19,4,31,4.0,2.0,36101,36,New York
2009-10-20,9,36,11.0,2.0,36101,36,New York
2009-10-21,6,34,10.0,2.0,36101,36,New York
2009-10-22,4,36,29.0,2.0,36101,36,New York
2009-10-23,5,18,0.0,2.0,36101,36,New York
2009-10-24,3,24,1.0,2.0,36101,36,New York
2009-10-25,1,28,0.0,1.0,36101,36,New York
2009-10-26,6,29,4.0,2.0,36101,36,New York
2009-10-27,7,27,3.0,2.0,36101,36,New York
2009-10-28,7,15,0.0,2.0,36101,36,New York
2009-10-29,7,16,0.0,2.0,36101,36,New York
2009-10-30,3,20,0.0,2.0,36101,36,New York
2009-10-31,3,23,0.0,2.0,36101,36,New York
2009-11-01,2,24,0.0,1.0,36101,36,New York
2009-11-02,3,23,0.0,2.0,36101,36,New York
2009-11-03,6,23,10.0,2.0,36101,36,New York
2009-11-04,5,19,0.0,1.0,36101,36,New York
2009-11-05,4,20,6.0,2.0,36101,36,New York
2009-11-06,2,19,0.0,1.0,36101,36,New York
2009-11-07,8,25,10.0,2.0,36101,36,New York
2009-11-08,6,36,4.0,2.0,36101,36,New York
2009-11-09,5,41,11.0,2.0,36101,36,New York
2009-11-10,7,27,10.0,2.0,36101,36,New York
2009-11-11,4,25,0.0,2.0,36101,36,New York
2009-11-12,8,23,0.0,2.0,36101,36,New York
2009-11-13,8,31,0.0,2.0,36101,36,New York
2009-11-14,6,23,0.0,2.0,36101,36,New York
2009-11-15,8,32,4.0,2.0,36101,36,New York
2009-11-16,8,24,0.0,2.0,36101,36,New York
2009-11-17,15,28,1.0,2.0,36101,36,New York
2009-11-18,15,28,1.0,2.0,36101,36,New York
2009-11-19,8,18,1.0,2.0,36101,36,New York
2009-11-20,4,17,1.0,2.0,36101,36,New York
2009-11-21,3,25,0.0,2.0,36101,36,New York
2009-11-22,4,29,0.0,2.0,36101,36,New York
2009-11-23,12,20,0.0,2.0,36101,36,New York
2009-11-24,8,10,1.0,2.0,36101,36,New York
2009-11-30,2,22,3.0,2.0,36101,36,New York
2009-12-01,4,19,1.0,2.0,36101,36,New York
2009-12-02,7,24,9.0,2.0,36101,36,New York
2009-12-03,3,24,0.0,2.0,36101,36,New York
2009-12-04,2,20,0.0,2.0,36101,36,New York
2009-12-05,7,17,0.0,2.0,36101,36,New York
2009-12-06,7,21,1.0,2.0,36101,36,New York
2009-12-07,5,16,7.0,2.0,36101,36,New York
2009-12-08,4,19,4.0,2.0,36101,36,New York
2009-12-09,6,22,1.0,2.0,36101,36,New York
2009-12-10,4,23,1.0,2.0,36101,36,New York
2009-12-11,3,23,1.0,2.0,36101,36,New York
2009-12-12,6,25,9.0,2.0,36101,36,New York
2009-12-13,5,22,4.0,2.0,36101,36,New York
2009-12-14,7,17,3.0,2.0,36101,36,New York
2009-12-15,6,25,3.0,2.0,36101,36,New York
2009-12-16,3,26,1.0,2.0,36101,36,New York
2009-12-17,4,27,0.0,1.0,36101,36,New York
2009-12-18,13,21,0.0,2.0,36101,36,New York
2009-12-19,13,26,0.0,2.0,36101,36,New York
2009-12-20,5,27,1.0,2.0,36101,36,New York
2009-12-21,6,23,0.0,2.0,36101,36,New York
2009-12-22,7,26,1.0,2.0,36101,36,New York
2009-12-23,6,26,0.0,2.0,36101,36,New York
2009-12-24,3,23,0.0,2.0,36101,36,New York
2009-12-25,7,23,1.0,2.0,36101,36,New York
2009-12-26,2,25,0.0,2.0,36101,36,New York
2009-12-27,2,24,6.0,2.0,36101,36,New York
2009-12-28,4,26,1.0,2.0,36101,36,New York
2009-12-29,3,27,0.0,2.0,36101,36,New York
2009-12-30,4,25,3.0,2.0,36101,36,New York
2010-03-31,6,24,0.0,2.0,36101,36,New York
2010-04-13,2,26,0.0,2.0,36101,36,New York
2010-04-14,1,29,0.0,2.0,36101,36,New York
2010-04-15,2,39,1.0,2.0,36101,36,New York
2010-04-16,1,34,1.0,2.0,36101,36,New York
2010-04-17,1,19,0.0,2.0,36101,36,New York
2010-04-18,0,20,0.0,2.0,36101,36,New York
2010-04-19,0,15,0.0,2.0,36101,36,New York
2010-04-20,1,20,0.0,2.0,36101,36,New York
2010-04-21,18,25,0.0,2.0,36101,36,New York
2010-04-22,2,23,0.0,2.0,36101,36,New York
2010-04-23,2,24,0.0,2.0,36101,36,New York
2010-04-24,2,31,0.0,2.0,36101,36,New York
2010-04-25,2,20,0.0,2.0,36101,36,New York
2010-04-26,2,14,0.0,2.0,36101,36,New York
2010-04-27,0,19,0.0,2.0,36101,36,New York
2010-04-28,0,36,0.0,2.0,36101,36,New York
2010-04-29,0,45,0.0,1.0,36101,36,New York
2010-04-30,5,64,3.0,2.0,36101,36,New York
2010-05-01,1,44,6.0,2.0,36101,36,New York
2010-05-02,0,34,6.0,2.0,36101,36,New York
2010-05-03,0,46,6.0,1.0,36101,36,New York
2010-05-04,0,45,0.0,1.0,36101,36,New York
2010-05-05,0,51,3.0,1.0,36101,36,New York
2010-05-06,0,33,0.0,2.0,36101,36,New York
2010-05-07,3,41,1.0,2.0,36101,36,New York
2010-05-08,2,31,0.0,2.0,36101,36,New York
2010-05-09,0,38,0.0,1.0,36101,36,New York
2010-05-10,0,40,0.0,1.0,36101,36,New York
2010-05-11,1,36,0.0,2.0,36101,36,New York
2010-05-12,2,28,1.0,2.0,36101,36,New York
2010-05-13,2,37,0.0,2.0,36101,36,New York
2010-05-14,1,49,3.0,2.0,36101,36,New York
2010-05-15,0,36,0.0,2.0,36101,36,New York
2010-05-16,0,37,0.0,2.0,36101,36,New York
2010-05-17,2,38,0.0,2.0,36101,36,New York
2010-05-18,2,34,0.0,2.0,36101,36,New York
2010-05-19,0,44,0.0,2.0,36101,36,New York
2010-05-20,0,47,1.0,2.0,36101,36,New York
2010-05-21,2,47,1.0,2.0,36101,36,New York
2010-05-22,3,46,3.0,2.0,36101,36,New York
2010-05-23,0,29,0.0,2.0,36101,36,New York
2010-05-24,0,27,0.0,1.0,36101,36,New York
2010-05-25,2,40,0.0,1.0,36101,36,New York
2010-05-26,1,49,3.0,2.0,36101,36,New York
2010-05-27,1,45,1.0,2.0,36101,36,New York
2010-05-28,2,42,0.0,2.0,36101,36,New York
2010-05-29,0,42,0.0,2.0,36101,36,New York
2010-05-30,2,40,0.0,2.0,36101,36,New York
2010-05-31,0,54,1.0,2.0,36101,36,New York
2010-06-01,0,40,3.0,2.0,36101,36,New York
2010-06-02,0,47,4.0,2.0,36101,36,New York
2010-06-03,0,39,0.0,2.0,36101,36,New York
2010-06-04,0,37,3.0,1.0,36101,36,New York
2010-06-05,0,40,4.0,2.0,36101,36,New York
2010-06-06,1,27,0.0,2.0,36101,36,New York
2010-06-07,0,32,0.0,1.0,36101,36,New York
2010-06-08,8,32,0.0,1.0,36101,36,New York
2010-06-09,2,24,1.0,2.0,36101,36,New York
2010-06-10,0,35,0.0,2.0,36101,36,New York
2010-06-11,0,34,0.0,2.0,36101,36,New York
2010-06-12,1,35,4.0,2.0,36101,36,New York
2010-06-13,0,22,0.0,2.0,36101,36,New York
2010-06-14,0,29,0.0,2.0,36101,36,New York
2010-06-15,3,36,0.0,2.0,36101,36,New York
2010-06-16,1,37,0.0,2.0,36101,36,New York
2010-06-17,0,35,0.0,1.0,36101,36,New York
2010-06-18,0,36,0.0,2.0,36101,36,New York
2010-06-19,0,46,14.0,2.0,36101,36,New York
2010-06-20,0,37,3.0,2.0,36101,36,New York
2010-06-21,6,32,0.0,1.0,36101,36,New York
2010-06-22,7,44,1.0,2.0,36101,36,New York
2010-06-23,1,42,3.0,1.0,36101,36,New York
2010-06-24,2,41,0.0,2.0,36101,36,New York
2010-06-25,0,37,0.0,2.0,36101,36,New York
2010-06-26,0,34,0.0,2.0,36101,36,New York
2010-06-27,0,42,1.0,2.0,36101,36,New York
2010-06-28,0,31,0.0,1.0,36101,36,New York
2010-06-29,0,30,0.0,1.0,36101,36,New York
2010-06-30,0,30,0.0,1.0,36101,36,New York
2010-07-01,0,27,0.0,1.0,36101,36,New York
2010-07-02,0,26,0.0,1.0,36101,36,New York
2010-07-03,0,42,0.0,1.0,36101,36,New York
2010-07-04,0,50,3.0,2.0,36101,36,New York
2010-07-05,0,42,0.0,2.0,36101,36,New York
2010-07-06,0,47,0.0,2.0,36101,36,New York
2010-07-07,1,84,3.0,2.0,36101,36,New York
2010-07-08,1,50,1.0,2.0,36101,36,New York
2010-07-09,1,47,0.0,2.0,36101,36,New York
2010-07-14,0,36,0.0,2.0,36101,36,New York
2010-07-15,0,44,3.0,2.0,36101,36,New York
2010-07-16,1,43,11.0,2.0,36101,36,New York
2010-07-17,1,47,3.0,2.0,36101,36,New York
2010-07-18,0,32,0.0,2.0,36101,36,New York
2010-07-19,0,40,3.0,1.0,36101,36,New York
2010-07-20,0,31,1.0,1.0,36101,36,New York
2010-07-21,0,42,0.0,1.0,36101,36,New York
2010-07-22,0,34,0.0,1.0,36101,36,New York
2010-07-23,1,28,0.0,1.0,36101,36,New York
2010-07-24,0,35,0.0,1.0,36101,36,New York
2010-07-25,0,22,0.0,1.0,36101,36,New York
2010-07-26,0,30,0.0,2.0,36101,36,New York
2010-07-27,0,37,0.0,2.0,36101,36,New York
2010-07-28,1,46,3.0,2.0,36101,36,New York
2010-07-29,0,31,0.0,2.0,36101,36,New York
2010-07-30,1,31,0.0,2.0,36101,36,New York
2010-07-31,1,36,0.0,2.0,36101,36,New York
2010-08-01,1,41,3.0,2.0,36101,36,New York
2010-08-02,1,38,4.0,2.0,36101,36,New York
2010-08-03,1,42,11.0,2.0,36101,36,New York
2010-08-04,1,39,4.0,2.0,36101,36,New York
2010-08-05,0,39,0.0,2.0,36101,36,New York
2010-08-06,0,36,0.0,2.0,36101,36,New York
2010-08-07,0,36,0.0,2.0,36101,36,New York
2010-08-08,0,46,3.0,2.0,36101,36,New York
2010-08-09,0,49,3.0,2.0,36101,36,New York
2010-08-10,0,44,1.0,2.0,36101,36,New York
2010-08-11,3,34,1.0,2.0,36101,36,New York
2010-08-12,7,36,1.0,2.0,36101,36,New York
2010-08-13,1,36,4.0,2.0,36101,36,New York
2010-08-14,2,37,6.0,2.0,36101,36,New York
2010-08-15,1,26,0.0,1.0,36101,36,New York
2010-08-16,0,38,0.0,2.0,36101,36,New York
2010-08-17,0,38,3.0,1.0,36101,36,New York
2010-08-18,9,44,3.0,2.0,36101,36,New York
2010-08-19,3,47,3.0,2.0,36101,36,New York
2010-08-20,1,38,0.0,2.0,36101,36,New York
2010-08-21,3,64,3.0,2.0,36101,36,New York
2010-08-22,0,44,0.0,2.0,36101,36,New York
2010-08-23,0,32,0.0,1.0,36101,36,New York
2010-08-24,1,25,0.0,1.0,36101,36,New York
2010-08-25,0,26,0.0,1.0,36101,36,New York
2010-08-26,0,26,0.0,2.0,36101,36,New York
2010-08-27,0,31,0.0,1.0,36101,36,New York
2010-08-28,0,44,0.0,1.0,36101,36,New York
2010-08-29,2,74,17.0,2.0,36101,36,New York
2010-08-30,0,51,1.0,2.0,36101,36,New York
2010-08-31,0,80,1.0,2.0,36101,36,New York
2010-09-01,0,64,7.0,2.0,36101,36,New York
2010-09-02,0,77,9.0,2.0,36101,36,New York
2010-09-03,2,77,29.0,2.0,36101,36,New York
2010-09-04,0,29,0.0,1.0,36101,36,New York
2010-09-05,0,31,0.0,1.0,36101,36,New York
2010-09-06,0,46,9.0,1.0,36101,36,New York
2010-09-07,1,80,7.0,2.0,36101,36,New York
2010-09-08,0,33,0.0,1.0,36101,36,New York
2010-09-09,0,18,0.0,1.0,36101,36,New York
2010-09-10,0,20,0.0,1.0,36101,36,New York
2010-09-11,0,30,1.0,1.0,36101,36,New York
2010-09-12,1,29,3.0,1.0,36101,36,New York
2010-09-13,0,36,0.0,1.0,36101,36,New York
2010-09-14,0,31,0.0,1.0,36101,36,New York
2010-09-15,0,25,0.0,1.0,36101,36,New York
2010-09-16,2,29,1.0,1.0,36101,36,New York
2010-09-17,0,21,0.0,1.0,36101,36,New York
2010-09-18,0,29,1.0,1.0,36101,36,New York
2010-09-19,0,23,0.0,2.0,36101,36,New York
2010-09-20,0,27,0.0,1.0,36101,36,New York
2010-09-21,0,42,1.0,1.0,36101,36,New York
2010-09-22,2,43,6.0,2.0,36101,36,New York
2010-09-23,3,43,3.0,2.0,36101,36,New York
2010-09-24,3,71,6.0,2.0,36101,36,New York
2010-09-25,2,31,1.0,1.0,36101,36,New York
2010-09-26,1,19,9.0,1.0,36101,36,New York
2010-09-27,4,16,9.0,1.0,36101,36,New York
2010-09-28,3,32,3.0,1.0,36101,36,New York
2010-09-29,1,23,0.0,1.0,36101,36,New York
2010-09-30,6,26,0.0,1.0,36101,36,New York
2010-10-01,1,23,0.0,1.0,36101,36,New York
2010-10-02,0,23,0.0,1.0,36101,36,New York
2010-10-03,0,24,1.0,1.0,36101,36,New York
2010-10-04,0,15,0.0,1.0,36101,36,New York
2010-10-05,2,16,0.0,1.0,36101,36,New York
2010-10-06,1,24,0.0,1.0,36101,36,New York
2010-10-07,1,33,0.0,1.0,36101,36,New York
2010-10-08,2,36,3.0,1.0,36101,36,New York
2010-10-09,3,34,3.0,1.0,36101,36,New York
2010-10-10,2,43,1.0,1.0,36101,36,New York
2010-10-11,5,37,1.0,2.0,36101,36,New York
2010-10-12,2,25,0.0,1.0,36101,36,New York
2010-10-13,1,31,0.0,1.0,36101,36,New York
2010-10-14,6,21,1.0,1.0,36101,36,New York
2010-10-15,1,25,0.0,1.0,36101,36,New York
2010-10-16,1,31,0.0,1.0,36101,36,New York
2010-10-17,2,35,1.0,1.0,36101,36,New York
2010-10-18,0,26,0.0,1.0,36101,36,New York
2010-10-19,1,29,0.0,1.0,36101,36,New York
2010-10-20,3,36,6.0,1.0,36101,36,New York
2010-10-21,3,33,10.0,1.0,36101,36,New York
2010-10-22,0,29,0.0,1.0,36101,36,New York
2010-10-23,3,26,3.0,1.0,36101,36,New York
2010-10-24,3,39,6.0,2.0,36101,36,New York
2010-10-25,5,38,1.0,1.0,36101,36,New York
2010-10-26,4,28,1.0,1.0,36101,36,New York
2010-10-27,0,36,9.0,1.0,36101,36,New York
2010-10-28,1,33,3.0,1.0,36101,36,New York
2010-10-29,0,27,0.0,1.0,36101,36,New York
2010-10-30,1,28,9.0,1.0,36101,36,New York
2010-10-31,1,28,6.0,1.0,36101,36,New York
2010-11-01,2,23,0.0,1.0,36101,36,New York
2010-11-02,4,25,0.0,1.0,36101,36,New York
2010-11-03,4,25,1.0,1.0,36101,36,New York
2010-11-04,10,27,1.0,2.0,36101,36,New York
2010-11-05,14,21,1.0,2.0,36101,36,New York
2010-11-06,11,25,0.0,1.0,36101,36,New York
2010-11-07,0,25,0.0,1.0,36101,36,New York
2010-11-08,4,31,1.0,2.0,36101,36,New York
2010-11-09,3,27,1.0,1.0,36101,36,New York
2010-11-10,0,31,0.0,1.0,36101,36,New York
2010-11-11,5,32,0.0,1.0,36101,36,New York
2010-11-12,4,36,0.0,1.0,36101,36,New York
2010-11-13,1,36,1.0,1.0,36101,36,New York
2010-11-14,2,35,1.0,2.0,36101,36,New York
2010-11-15,0,33,0.0,2.0,36101,36,New York
2010-11-16,3,36,1.0,1.0,36101,36,New York
2010-11-17,4,36,1.0,1.0,36101,36,New York
2010-11-18,0,30,0.0,1.0,36101,36,New York
2010-11-19,1,31,4.0,1.0,36101,36,New York
2010-11-20,4,30,9.0,2.0,36101,36,New York
2010-11-21,2,25,3.0,2.0,36101,36,New York
2010-11-22,4,32,1.0,2.0,36101,36,New York
2010-11-23,1,35,1.0,2.0,36101,36,New York
2010-11-24,0,31,1.0,1.0,36101,36,New York
2010-11-25,1,31,1.0,2.0,36101,36,New York
2010-11-26,1,33,0.0,2.0,36101,36,New York
2010-11-27,0,30,0.0,1.0,36101,36,New York
2010-11-28,0,29,0.0,1.0,36101,36,New York
2010-11-29,3,30,6.0,2.0,36101,36,New York
2010-11-30,1,34,3.0,2.0,36101,36,New York
2010-12-01,0,34,0.0,1.0,36101,36,New York
2010-12-02,0,23,0.0,2.0,36101,36,New York
2010-12-03,0,27,0.0,2.0,36101,36,New York
2010-12-04,1,30,1.0,2.0,36101,36,New York
2010-12-05,0,34,1.0,1.0,36101,36,New York
2010-12-06,1,33,0.0,1.0,36101,36,New York
2010-12-07,0,36,0.0,1.0,36101,36,New York
2010-12-08,4,36,0.0,1.0,36101,36,New York
2010-12-09,4,35,0.0,2.0,36101,36,New York
2010-12-10,12,28,7.0,2.0,36101,36,New York
2010-12-11,10,26,13.0,2.0,36101,36,New York
2010-12-12,8,34,6.0,2.0,36101,36,New York
2010-12-13,5,32,1.0,2.0,36101,36,New York
2010-12-14,3,34,0.0,1.0,36101,36,New York
2010-12-15,1,36,0.0,1.0,36101,36,New York
2010-12-16,4,34,1.0,2.0,36101,36,New York
2010-12-17,6,29,3.0,2.0,36101,36,New York
2010-12-18,6,33,1.0,2.0,36101,36,New York
2010-12-19,3,34,4.0,2.0,36101,36,New York
2010-12-20,8,28,1.0,2.0,36101,36,New York
2010-12-21,8,31,1.0,2.0,36101,36,New York
2010-12-22,9,27,1.0,2.0,36101,36,New York
2010-12-23,4,28,0.0,2.0,36101,36,New York
2010-12-24,5,31,0.0,2.0,36101,36,New York
2010-12-25,5,33,0.0,2.0,36101,36,New York
2010-12-26,1,38,0.0,1.0,36101,36,New York
2010-12-27,2,39,31.0,2.0,36101,36,New York
2010-12-28,5,37,3.0,2.0,36101,36,New York
2010-12-29,6,31,3.0,2.0,36101,36,New York
2010-12-30,6,30,17.0,2.0,36101,36,New York
2010-12-31,6,27,10.0,2.0,36101,36,New York
2011-01-01,8,29,3.0,3.0,36101,36,New York
2011-01-02,5,31,1.0,3.0,36101,36,New York
2011-01-03,4,34,3.0,2.0,36101,36,New York
2011-01-04,6,34,11.0,2.0,36101,36,New York
2011-01-05,3,35,1.0,2.0,36101,36,New York
2011-01-06,8,32,6.0,2.0,36101,36,New York
2011-01-07,9,33,4.0,2.0,36101,36,New York
2011-01-08,10,31,3.0,3.0,36101,36,New York
2011-01-09,8,35,1.0,2.0,36101,36,New York
2011-01-10,5,36,0.0,2.0,36101,36,New York
2011-01-11,8,31,1.0,2.0,36101,36,New York
2011-01-12,8,33,13.0,3.0,36101,36,New York
2011-01-13,2,36,1.0,2.0,36101,36,New York
2011-01-14,5,34,3.0,2.0,36101,36,New York
2011-01-15,7,33,9.0,2.0,36101,36,New York
2011-01-16,2,39,1.0,2.0,36101,36,New York
2011-01-17,7,39,7.0,2.0,36101,36,New York
2011-01-18,8,29,4.0,2.0,36101,36,New York
2011-01-19,8,33,1.0,3.0,36101,36,New York
2011-01-20,8,33,3.0,2.0,36101,36,New York
2011-01-21,7,33,4.0,2.0,36101,36,New York
2011-01-22,6,36,7.0,2.0,36101,36,New York
2011-01-23,7,31,10.0,2.0,36101,36,New York
2011-01-24,9,31,9.0,2.0,36101,36,New York
2011-01-25,9,31,6.0,3.0,36101,36,New York
2011-01-26,20,30,3.0,3.0,36101,36,New York
2011-01-27,6,36,1.0,2.0,36101,36,New York
2011-01-28,5,30,14.0,2.0,36101,36,New York
2011-01-29,9,33,6.0,2.0,36101,36,New York
2011-01-30,6,36,3.0,2.0,36101,36,New York
2011-01-31,8,36,3.0,2.0,36101,36,New York
2011-02-01,17,26,4.0,3.0,36101,36,New York
2011-02-02,10,35,3.0,3.0,36101,36,New York
2011-02-03,6,41,3.0,2.0,36101,36,New York
2011-02-04,8,42,23.0,2.0,36101,36,New York
2011-02-05,8,36,26.0,3.0,36101,36,New York
2011-02-06,3,39,6.0,2.0,36101,36,New York
2011-02-07,6,31,13.0,2.0,36101,36,New York
2011-02-08,5,37,4.0,2.0,36101,36,New York
2011-02-09,5,40,4.0,2.0,36101,36,New York
2011-02-10,7,40,4.0,2.0,36101,36,New York
2011-02-11,8,35,21.0,2.0,36101,36,New York
2011-02-12,6,45,16.0,2.0,36101,36,New York
2011-02-13,4,44,9.0,2.0,36101,36,New York
2011-02-14,3,46,9.0,2.0,36101,36,New York
2011-02-15,6,40,3.0,2.0,36101,36,New York
2011-02-16,8,40,14.0,2.0,36101,36,New York
2011-02-17,8,71,14.0,3.0,36101,36,New York
2011-02-18,8,45,3.0,3.0,36101,36,New York
2011-02-19,1,39,0.0,2.0,36101,36,New York
2011-02-20,5,42,1.0,2.0,36101,36,New York
2011-02-21,4,39,0.0,2.0,36101,36,New York
2011-02-22,3,36,0.0,2.0,36101,36,New York
2011-02-23,6,42,1.0,2.0,36101,36,New York
2011-02-24,11,36,1.0,3.0,36101,36,New York
2011-02-25,13,39,9.0,3.0,36101,36,New York
2011-02-26,3,44,3.0,2.0,36101,36,New York
2011-02-27,5,41,6.0,2.0,36101,36,New York
2011-02-28,6,40,4.0,2.0,36101,36,New York
2011-03-01,3,44,6.0,2.0,36101,36,New York
2011-03-02,7,41,10.0,2.0,36101,36,New York
2011-03-03,3,42,0.0,2.0,36101,36,New York
2011-03-04,9,37,4.0,2.0,36101,36,New York
2011-03-08,4,44,0.0,2.0,36101,36,New York
2011-03-09,13,40,3.0,2.0,36101,36,New York
2011-03-10,6,39,0.0,2.0,36101,36,New York
2011-03-11,8,41,3.0,3.0,36101,36,New York
2011-03-12,4,42,4.0,2.0,36101,36,New York
2011-03-13,2,40,1.0,2.0,36101,36,New York
2011-03-14,2,37,0.0,2.0,36101,36,New York
2011-03-15,6,41,1.0,2.0,36101,36,New York
2011-03-16,6,32,0.0,2.0,36101,36,New York
2011-03-17,5,49,3.0,2.0,36101,36,New York
2011-03-18,3,47,3.0,2.0,36101,36,New York
2011-03-19,1,38,0.0,2.0,36101,36,New York
2011-03-20,2,45,0.0,2.0,36101,36,New York
2011-03-21,2,39,0.0,2.0,36101,36,New York
2011-03-30,4,54,1.0,2.0,36101,36,New York
2011-03-31,8,38,0.0,2.0,36101,36,New York
2011-04-01,6,47,0.0,2.0,36101,36,New York
2011-04-02,3,58,1.0,2.0,36101,36,New York
2011-04-03,3,49,0.0,2.0,36101,36,New York
2011-04-04,3,42,1.0,2.0,36101,36,New York
2011-04-05,0,42,0.0,2.0,36101,36,New York
2011-04-06,5,40,1.0,2.0,36101,36,New York
2011-04-07,10,46,0.0,2.0,36101,36,New York
2011-04-08,5,41,0.0,2.0,36101,36,New York
2011-04-09,5,45,0.0,2.0,36101,36,New York
2011-04-10,3,37,3.0,2.0,36101,36,New York
2011-04-11,3,46,3.0,2.0,36101,36,New York
2011-04-12,1,46,1.0,2.0,36101,36,New York
2011-04-13,3,44,0.0,2.0,36101,36,New York
2011-04-14,4,47,0.0,2.0,36101,36,New York
2011-04-15,5,41,1.0,2.0,36101,36,New York
2011-04-16,3,42,0.0,2.0,36101,36,New York
2011-04-17,1,45,0.0,2.0,36101,36,New York
2011-04-18,3,41,0.0,2.0,36101,36,New York
2011-04-19,6,31,0.0,2.0,36101,36,New York
2011-04-20,10,42,0.0,3.0,36101,36,New York
2011-04-21,2,45,0.0,2.0,36101,36,New York
2011-04-22,18,43,1.0,2.0,36101,36,New York
2011-04-23,1,43,0.0,2.0,36101,36,New York
2011-04-24,5,38,0.0,2.0,36101,36,New York
2011-04-25,6,36,0.0,2.0,36101,36,New York
2011-04-26,3,43,0.0,2.0,36101,36,New York
2011-04-27,2,38,0.0,2.0,36101,36,New York
2011-04-28,1,54,0.0,2.0,36101,36,New York
2011-04-29,1,39,0.0,2.0,36101,36,New York
2011-04-30,6,45,0.0,2.0,36101,36,New York
2011-05-01,6,42,0.0,2.0,36101,36,New York
2011-05-02,4,38,0.0,2.0,36101,36,New York
2011-05-03,6,30,0.0,2.0,36101,36,New York
2011-05-04,2,26,0.0,2.0,36101,36,New York
2011-05-05,2,49,0.0,2.0,36101,36,New York
2011-05-06,3,64,3.0,2.0,36101,36,New York
2011-05-07,2,45,0.0,2.0,36101,36,New York
2011-05-08,2,42,0.0,2.0,36101,36,New York
2011-05-09,1,38,0.0,1.0,36101,36,New York
2011-05-10,2,54,0.0,1.0,36101,36,New York
2011-05-11,5,49,0.0,1.0,36101,36,New York
2011-05-12,4,80,0.0,2.0,36101,36,New York
2011-05-13,5,48,0.0,2.0,36101,36,New York
2011-05-14,4,29,0.0,2.0,36101,36,New York
2011-05-15,1,25,0.0,2.0,36101,36,New York
2011-05-16,1,25,0.0,1.0,36101,36,New York
2011-05-17,3,31,0.0,2.0,36101,36,New York
2011-05-18,1,41,0.0,1.0,36101,36,New York
2011-05-19,2,46,0.0,1.0,36101,36,New York
2011-05-20,2,45,0.0,2.0,36101,36,New York
2011-05-21,1,42,0.0,2.0,36101,36,New York
2011-05-22,2,40,1.0,2.0,36101,36,New York
2011-05-23,2,40,1.0,2.0,36101,36,New York
2011-05-24,0,47,0.0,1.0,36101,36,New York
2011-05-25,3,51,3.0,2.0,36101,36,New York
2011-05-26,2,74,1.0,2.0,36101,36,New York
2011-05-27,1,38,0.0,2.0,36101,36,New York
2011-05-28,1,42,0.0,1.0,36101,36,New York
2011-05-29,1,51,1.0,2.0,36101,36,New York
2011-05-30,3,42,0.0,2.0,36101,36,New York
2011-05-31,1,47,0.0,2.0,36101,36,New York
2011-06-01,2,74,1.0,2.0,36101,36,New York
2011-06-02,1,49,0.0,1.0,36101,36,New York
2011-06-03,0,47,0.0,1.0,36101,36,New York
2011-06-04,1,38,0.0,1.0,36101,36,New York
2011-06-05,1,49,0.0,2.0,36101,36,New York
2011-06-06,4,43,0.0,2.0,36101,36,New York
2011-06-07,3,44,3.0,2.0,36101,36,New York
2011-06-08,1,45,1.0,2.0,36101,36,New York
2011-06-10,4,33,1.0,1.0,36101,36,New York
2011-06-11,2,44,1.0,2.0,36101,36,New York
2011-06-12,0,42,0.0,2.0,36101,36,New York
2011-06-13,1,36,0.0,1.0,36101,36,New York
2011-06-14,1,30,0.0,1.0,36101,36,New York
2011-06-15,1,41,0.0,2.0,36101,36,New York
2011-06-16,2,40,0.0,2.0,36101,36,New York
2011-06-17,2,44,1.0,1.0,36101,36,New York
2011-06-18,2,47,0.0,2.0,36101,36,New York
2011-06-19,1,37,0.0,2.0,36101,36,New York
2011-06-20,1,45,3.0,2.0,36101,36,New York
2011-06-21,6,42,0.0,2.0,36101,36,New York
2011-06-22,5,35,0.0,2.0,36101,36,New York
2011-06-23,1,42,4.0,1.0,36101,36,New York
2011-06-24,0,33,3.0,1.0,36101,36,New York
2011-06-25,0,30,0.0,1.0,36101,36,New York
2011-06-26,0,25,0.0,1.0,36101,36,New York
2011-06-27,2,39,0.0,1.0,36101,36,New York
2011-06-28,1,54,1.0,2.0,36101,36,New York
2011-06-29,0,42,0.0,1.0,36101,36,New York
2011-06-30,2,42,3.0,1.0,36101,36,New York
2011-07-01,3,39,0.0,1.0,36101,36,New York
2011-07-02,1,67,1.0,2.0,36101,36,New York
2011-07-03,1,44,0.0,2.0,36101,36,New York
2011-07-04,0,42,0.0,1.0,36101,36,New York
2011-07-05,1,41,3.0,1.0,36101,36,New York
2011-07-06,1,74,1.0,2.0,36101,36,New York
2011-07-07,3,42,0.0,2.0,36101,36,New York
2011-07-08,4,37,0.0,2.0,36101,36,New York
2011-07-09,1,41,0.0,2.0,36101,36,New York
2011-07-10,0,50,0.0,2.0,36101,36,New York
2011-07-11,1,87,6.0,2.0,36101,36,New York
2011-07-12,1,49,0.0,2.0,36101,36,New York
2011-07-13,1,24,0.0,2.0,36101,36,New York
2011-07-14,1,29,0.0,1.0,36101,36,New York
2011-07-15,4,41,1.0,1.0,36101,36,New York
2011-07-16,2,47,0.0,1.0,36101,36,New York
2011-07-17,2,58,1.0,1.0,36101,36,New York
2011-07-18,1,45,3.0,2.0,36101,36,New York
2011-07-19,5,41,0.0,2.0,36101,36,New York
2011-07-20,2,40,0.0,2.0,36101,36,New York
2011-07-25,2,31,0.0,1.0,36101,36,New York
2011-07-26,1,31,1.0,1.0,36101,36,New York
2011-07-27,3,31,0.0,1.0,36101,36,New York
2011-07-28,2,29,3.0,1.0,36101,36,New York
2011-07-29,1,42,0.0,2.0,36101,36,New York
2011-07-30,1,34,0.0,1.0,36101,36,New York
2011-07-31,2,30,1.0,1.0,36101,36,New York
2011-08-01,1,38,1.0,1.0,36101,36,New York
2011-08-02,1,33,3.0,2.0,36101,36,New York
2011-08-03,3,28,1.0,2.0,36101,36,New York
2011-08-04,5,31,0.0,2.0,36101,36,New York
2011-08-05,9,40,0.0,2.0,36101,36,New York
2011-08-06,2,30,1.0,2.0,36101,36,New York
2011-08-07,0,30,0.0,2.0,36101,36,New York
2011-08-08,5,31,0.0,2.0,36101,36,New York
2011-08-09,5,31,0.0,1.0,36101,36,New York
2011-08-10,0,29,0.0,1.0,36101,36,New York
2011-08-11,1,24,0.0,1.0,36101,36,New York
2011-08-12,1,30,0.0,1.0,36101,36,New York
2011-08-15,0,32,0.0,1.0,36101,36,New York
2011-08-16,1,25,0.0,1.0,36101,36,New York
2011-08-17,1,39,4.0,1.0,36101,36,New York
2011-08-18,1,46,1.0,1.0,36101,36,New York
2011-08-19,2,40,1.0,2.0,36101,36,New York
2011-08-20,1,37,0.0,1.0,36101,36,New York
2011-08-21,2,30,1.0,1.0,36101,36,New York
2011-08-22,0,24,0.0,1.0,36101,36,New York
2011-08-23,0,27,0.0,1.0,36101,36,New York
2011-08-24,3,43,1.0,1.0,36101,36,New York
2011-08-25,1,33,0.0,1.0,36101,36,New York
2011-08-26,4,25,0.0,1.0,36101,36,New York
2011-08-27,2,36,1.0,1.0,36101,36,New York
2011-08-28,0,20,0.0,1.0,36101,36,New York
2011-08-29,0,19,0.0,1.0,36101,36,New York
2011-08-30,0,25,0.0,1.0,36101,36,New York
2011-08-31,1,42,0.0,1.0,36101,36,New York
2011-09-01,2,42,0.0,2.0,36101,36,New York
2011-09-02,2,37,0.0,2.0,36101,36,New York
2011-09-03,1,45,0.0,2.0,36101,36,New York
2011-09-04,1,45,0.0,2.0,36101,36,New York
2011-09-05,0,25,0.0,2.0,36101,36,New York
2011-09-06,1,18,0.0,1.0,36101,36,New York
2011-09-07,2,31,0.0,1.0,36101,36,New York
2011-09-08,1,31,0.0,1.0,36101,36,New York
2011-09-09,0,21,0.0,1.0,36101,36,New York
2011-09-10,1,22,1.0,1.0,36101,36,New York
2011-09-11,2,21,0.0,1.0,36101,36,New York
2011-09-12,0,31,0.0,1.0,36101,36,New York
2011-09-13,2,44,6.0,2.0,36101,36,New York
2011-09-14,8,27,0.0,3.0,36101,36,New York
2011-09-15,1,18,0.0,2.0,36101,36,New York
2011-09-16,3,19,0.0,1.0,36101,36,New York
2011-09-17,6,19,0.0,1.0,36101,36,New York
2011-09-18,9,30,0.0,1.0,36101,36,New York
2011-09-19,2,26,0.0,1.0,36101,36,New York
2011-09-20,4,29,0.0,1.0,36101,36,New York
2011-09-21,3,25,0.0,1.0,36101,36,New York
2011-09-22,6,18,0.0,1.0,36101,36,New York
2011-09-23,4,21,0.0,1.0,36101,36,New York
2011-09-24,7,25,0.0,1.0,36101,36,New York
2011-09-25,8,28,0.0,2.0,36101,36,New York
2011-09-26,4,26,0.0,2.0,36101,36,New York
2011-09-27,2,21,0.0,1.0,36101,36,New York
2011-09-28,1,24,0.0,1.0,36101,36,New York
2011-09-29,1,27,0.0,1.0,36101,36,New York
2011-09-30,2,23,1.0,1.0,36101,36,New York
2011-10-01,1,15,0.0,1.0,36101,36,New York
2011-10-02,0,13,0.0,1.0,36101,36,New York
2011-10-03,3,12,0.0,1.0,36101,36,New York
2011-10-04,1,11,0.0,1.0,36101,36,New York
2011-10-05,1,21,3.0,1.0,36101,36,New York
2011-10-06,4,25,0.0,1.0,36101,36,New York
2011-10-07,2,36,0.0,1.0,36101,36,New York
2011-10-11,5,36,1.0,2.0,36101,36,New York
2011-10-12,11,19,0.0,2.0,36101,36,New York
2011-10-13,3,14,0.0,1.0,36101,36,New York
2011-10-14,2,22,0.0,1.0,36101,36,New York
2011-10-15,1,23,0.0,1.0,36101,36,New York
2011-10-16,2,28,1.0,1.0,36101,36,New York
2011-10-17,2,31,0.0,1.0,36101,36,New York
2011-10-18,8,23,3.0,1.0,36101,36,New York
2011-10-19,11,24,1.0,2.0,36101,36,New York
2011-10-20,2,19,0.0,1.0,36101,36,New York
2011-10-21,2,13,0.0,1.0,36101,36,New York
2011-10-22,1,19,0.0,1.0,36101,36,New York
2011-10-23,3,30,1.0,2.0,36101,36,New York
2011-10-24,4,31,11.0,2.0,36101,36,New York
2011-10-25,3,31,0.0,1.0,36101,36,New York
2011-10-26,4,22,1.0,2.0,36101,36,New York
2011-10-27,1,18,0.0,2.0,36101,36,New York
2011-10-28,3,20,0.0,1.0,36101,36,New York
2011-10-29,5,17,0.0,2.0,36101,36,New York
2011-10-30,2,25,0.0,1.0,36101,36,New York
2011-10-31,8,22,1.0,2.0,36101,36,New York
2011-11-01,8,30,3.0,2.0,36101,36,New York
2011-11-02,5,24,6.0,2.0,36101,36,New York
2011-11-07,3,31,3.0,1.0,36101,36,New York
2011-11-08,6,35,7.0,2.0,36101,36,New York
2011-11-09,9,36,3.0,2.0,36101,36,New York
2011-11-10,8,25,1.0,2.0,36101,36,New York
2011-11-11,2,21,0.0,2.0,36101,36,New York
2011-11-12,4,32,10.0,2.0,36101,36,New York
2011-11-13,4,35,6.0,2.0,36101,36,New York
2011-11-14,3,27,1.0,2.0,36101,36,New York
2011-11-15,2,25,0.0,1.0,36101,36,New York
2011-11-16,2,20,1.0,1.0,36101,36,New York
2011-11-17,2,22,0.0,1.0,36101,36,New York
2011-11-18,4,21,4.0,1.0,36101,36,New York
2011-11-19,6,25,3.0,2.0,36101,36,New York
2011-11-20,4,26,1.0,2.0,36101,36,New York
2011-11-21,10,18,0.0,1.0,36101,36,New York
2011-11-22,12,16,0.0,2.0,36101,36,New York
2011-11-23,4,19,0.0,2.0,36101,36,New York
2011-11-24,3,23,0.0,1.0,36101,36,New York
2011-11-25,3,26,4.0,1.0,36101,36,New York
2011-11-26,3,26,7.0,2.0,36101,36,New York
2011-11-27,5,25,0.0,2.0,36101,36,New York
2011-11-28,14,24,0.0,2.0,36101,36,New York
2011-11-29,8,31,0.0,2.0,36101,36,New York
2011-11-30,3,22,1.0,2.0,36101,36,New York
2011-12-01,3,28,1.0,1.0,36101,36,New York
2011-12-02,7,18,10.0,2.0,36101,36,New York
2011-12-03,8,22,1.0,2.0,36101,36,New York
2011-12-04,9,23,1.0,2.0,36101,36,New York
2011-12-05,7,23,1.0,2.0,36101,36,New York
2011-12-06,7,14,0.0,2.0,36101,36,New York
2011-12-07,3,22,0.0,2.0,36101,36,New York
2011-12-08,6,25,1.0,1.0,36101,36,New York
2011-12-09,9,19,16.0,2.0,36101,36,New York
2011-12-10,4,26,3.0,2.0,36101,36,New York
2011-12-11,6,24,7.0,2.0,36101,36,New York
2011-12-12,6,21,4.0,2.0,36101,36,New York
2011-12-13,6,30,10.0,2.0,36101,36,New York
2011-12-14,17,17,20.0,2.0,36101,36,New York
2011-12-15,15,22,1.0,2.0,36101,36,New York
2011-12-16,2,20,0.0,1.0,36101,36,New York
2011-12-17,2,25,0.0,2.0,36101,36,New York
2011-12-18,3,21,1.0,2.0,36101,36,New York
2011-12-19,5,21,13.0,2.0,36101,36,New York
2011-12-20,4,19,0.0,2.0,36101,36,New York
2011-12-21,9,16,0.0,2.0,36101,36,New York
2011-12-22,5,16,1.0,2.0,36101,36,New York
2011-12-23,4,21,0.0,2.0,36101,36,New York
2011-12-24,2,25,0.0,1.0,36101,36,New York
2011-12-25,3,21,6.0,2.0,36101,36,New York
2011-12-26,1,23,3.0,1.0,36101,36,New York
2011-12-27,6,19,1.0,2.0,36101,36,New York
2011-12-28,2,27,0.0,2.0,36101,36,New York
2011-12-29,6,25,6.0,2.0,36101,36,New York
2011-12-30,8,19,6.0,2.0,36101,36,New York
2011-12-31,8,15,1.0,2.0,36101,36,New York
