O3_AQI,id,State_Code
147.0,1000,1
147.0,1001,1
147.0,1003,1
147.0,1005,1
147.0,1007,1
147.0,1009,1
147.0,1011,1
147.0,1013,1
147.0,1015,1
147.0,1017,1
147.0,1019,1
147.0,1021,1
147.0,1023,1
147.0,1025,1
147.0,1027,1
147.0,1029,1
147.0,1031,1
147.0,1033,1
147.0,1035,1
147.0,1037,1
147.0,1039,1
147.0,1041,1
147.0,1043,1
147.0,1045,1
147.0,1047,1
147.0,1049,1
147.0,1051,1
147.0,1053,1
147.0,1055,1
147.0,1057,1
147.0,1059,1
147.0,1061,1
147.0,1063,1
147.0,1065,1
147.0,1067,1
147.0,1069,1
147.0,1071,1
147.0,1073,1
147.0,1075,1
147.0,1077,1
147.0,1079,1
147.0,1081,1
147.0,1083,1
147.0,1085,1
147.0,1087,1
147.0,1089,1
147.0,1091,1
147.0,1093,1
147.0,1095,1
147.0,1097,1
147.0,1099,1
147.0,1101,1
147.0,1103,1
147.0,1105,1
147.0,1107,1
147.0,1109,1
147.0,1111,1
147.0,1113,1
147.0,1115,1
147.0,1117,1
147.0,1119,1
147.0,1121,1
147.0,1123,1
147.0,1125,1
147.0,1127,1
147.0,1129,1
147.0,1131,1
147.0,1133,1
147.0,2000,2
147.0,2013,2
147.0,2016,2
147.0,2020,2
147.0,2050,2
147.0,2060,2
147.0,2068,2
147.0,2070,2
47.0,2090,2
47.0,2100,2
47.0,2110,2
47.0,2122,2
47.0,2130,2
47.0,2150,2
47.0,2164,2
47.0,2170,2
47.0,2180,2
47.0,2185,2
47.0,2188,2
47.0,2195,2
47.0,2201,2
47.0,2220,2
47.0,2230,2
47.0,2232,2
47.0,2240,2
47.0,2261,2
47.0,2270,2
47.0,2280,2
47.0,2282,2
47.0,2290,2
47.0,4000,4
47.0,4001,4
47.0,4003,4
47.0,4005,4
47.0,4007,4
47.0,4009,4
47.0,4011,4
47.0,4012,4
147.0,4013,4
147.0,4015,4
147.0,4017,4
124.0,4019,4
124.0,4021,4
124.0,4023,4
124.0,4025,4
124.0,4027,4
124.0,5000,5
124.0,5001,5
124.0,5003,5
124.0,5005,5
124.0,5007,5
124.0,5009,5
124.0,5011,5
124.0,5013,5
124.0,5015,5
124.0,5017,5
124.0,5019,5
124.0,5021,5
124.0,5023,5
124.0,5025,5
124.0,5027,5
124.0,5029,5
124.0,5031,5
124.0,5033,5
124.0,5035,5
124.0,5037,5
124.0,5039,5
124.0,5041,5
124.0,5043,5
124.0,5045,5
124.0,5047,5
124.0,5049,5
124.0,5051,5
124.0,5053,5
124.0,5055,5
124.0,5057,5
124.0,5059,5
124.0,5061,5
124.0,5063,5
124.0,5065,5
124.0,5067,5
124.0,5069,5
124.0,5071,5
124.0,5073,5
124.0,5075,5
124.0,5077,5
124.0,5079,5
124.0,5081,5
124.0,5083,5
124.0,5085,5
124.0,5087,5
124.0,5089,5
124.0,5091,5
124.0,5093,5
124.0,5095,5
124.0,5097,5
124.0,5099,5
124.0,5101,5
124.0,5103,5
124.0,5105,5
124.0,5107,5
124.0,5109,5
124.0,5111,5
124.0,5113,5
124.0,5115,5
124.0,5117,5
124.0,5119,5
124.0,5121,5
124.0,5123,5
124.0,5125,5
124.0,5127,5
124.0,5129,5
124.0,5131,5
124.0,5133,5
124.0,5135,5
124.0,5137,5
124.0,5139,5
124.0,5141,5
124.0,5143,5
124.0,5145,5
124.0,5147,5
124.0,5149,5
124.0,6000,6
80.0,6001,6
80.0,6003,6
80.0,6005,6
80.0,6007,6
80.0,6009,6
80.0,6011,6
166.0,6013,6
166.0,6015,6
166.0,6017,6
207.0,6019,6
207.0,6021,6
48.0,6023,6
195.0,6025,6
195.0,6027,6
80.0,6029,6
80.0,6031,6
80.0,6033,6
80.0,6035,6
206.0,6037,6
206.0,6039,6
206.0,6041,6
206.0,6043,6
206.0,6045,6
206.0,6047,6
206.0,6049,6
206.0,6051,6
206.0,6053,6
206.0,6055,6
206.0,6057,6
143.0,6059,6
143.0,6061,6
143.0,6063,6
210.0,6065,6
201.0,6067,6
201.0,6069,6
218.0,6071,6
132.0,6073,6
71.0,6075,6
71.0,6075,6
71.0,6077,6
71.0,6079,6
71.0,6081,6
166.0,6083,6
140.0,6085,6
71.0,6087,6
71.0,6089,6
71.0,6091,6
71.0,6093,6
127.0,6095,6
127.0,6097,6
127.0,6099,6
127.0,6101,6
127.0,6103,6
127.0,6105,6
127.0,6107,6
127.0,6109,6
127.0,6111,6
90.0,6113,6
90.0,6115,6
90.0,8000,8
140.0,8001,8
140.0,8003,8
140.0,8005,8
140.0,8007,8
140.0,8009,8
140.0,8011,8
140.0,8013,8
140.0,8014,8
140.0,8015,8
140.0,8017,8
140.0,8019,8
140.0,8021,8
140.0,8023,8
140.0,8025,8
140.0,8027,8
140.0,8029,8
127.0,8031,8
127.0,8033,8
127.0,8035,8
127.0,8037,8
127.0,8039,8
127.0,8041,8
127.0,8043,8
127.0,8045,8
127.0,8047,8
127.0,8049,8
127.0,8051,8
127.0,8053,8
127.0,8055,8
97.0,8057,8
97.0,8059,8
97.0,8061,8
97.0,8063,8
97.0,8065,8
97.0,8067,8
97.0,8069,8
97.0,8071,8
97.0,8073,8
97.0,8075,8
97.0,8077,8
97.0,8079,8
97.0,8081,8
97.0,8083,8
97.0,8085,8
97.0,8087,8
97.0,8089,8
97.0,8091,8
97.0,8093,8
97.0,8095,8
97.0,8097,8
97.0,8099,8
97.0,8101,8
97.0,8103,8
97.0,8105,8
97.0,8107,8
97.0,8109,8
97.0,8111,8
97.0,8113,8
97.0,8115,8
97.0,8117,8
97.0,8119,8
97.0,8121,8
97.0,8123,8
97.0,8125,8
97.0,9000,9
169.0,9001,9
179.0,9003,9
147.0,9005,9
147.0,9007,9
169.0,9009,9
169.0,9011,9
169.0,9013,9
169.0,9015,9
169.0,10000,10
169.0,10001,10
143.0,10003,10
143.0,10005,10
143.0,11000,11
206.0,11001,11
206.0,12000,12
206.0,12001,12
206.0,12003,12
206.0,12005,12
206.0,12007,12
206.0,12009,12
206.0,12011,12
206.0,12013,12
206.0,12015,12
206.0,12017,12
206.0,12019,12
206.0,12021,12
206.0,12023,12
206.0,12027,12
206.0,12029,12
206.0,12031,12
206.0,12033,12
206.0,12035,12
206.0,12037,12
206.0,12039,12
206.0,12041,12
206.0,12043,12
206.0,12045,12
206.0,12047,12
206.0,12049,12
206.0,12051,12
206.0,12053,12
206.0,12055,12
122.0,12057,12
122.0,12059,12
122.0,12061,12
122.0,12063,12
122.0,12065,12
122.0,12067,12
122.0,12069,12
122.0,12071,12
122.0,12073,12
122.0,12075,12
122.0,12077,12
122.0,12079,12
122.0,12081,12
122.0,12083,12
122.0,12085,12
122.0,12086,12
122.0,12087,12
122.0,12089,12
122.0,12091,12
122.0,12093,12
150.0,12095,12
150.0,12097,12
150.0,12099,12
150.0,12101,12
150.0,12103,12
150.0,12105,12
150.0,12107,12
150.0,12109,12
150.0,12111,12
150.0,12113,12
150.0,12115,12
150.0,12117,12
150.0,12119,12
150.0,12121,12
150.0,12123,12
150.0,12125,12
150.0,12127,12
150.0,12129,12
150.0,12131,12
150.0,12133,12
150.0,13000,13
150.0,13001,13
150.0,13003,13
150.0,13005,13
150.0,13007,13
150.0,13009,13
150.0,13011,13
150.0,13013,13
150.0,13015,13
150.0,13017,13
150.0,13019,13
150.0,13021,13
150.0,13023,13
150.0,13025,13
150.0,13027,13
150.0,13029,13
150.0,13031,13
150.0,13033,13
150.0,13035,13
150.0,13037,13
150.0,13039,13
150.0,13043,13
150.0,13045,13
150.0,13047,13
150.0,13049,13
150.0,13051,13
150.0,13053,13
150.0,13055,13
150.0,13057,13
150.0,13059,13
150.0,13061,13
150.0,13063,13
150.0,13065,13
150.0,13067,13
150.0,13069,13
150.0,13071,13
150.0,13073,13
150.0,13075,13
150.0,13077,13
150.0,13079,13
150.0,13081,13
150.0,13083,13
150.0,13085,13
150.0,13087,13
159.0,13089,13
159.0,13091,13
159.0,13093,13
159.0,13095,13
159.0,13097,13
159.0,13099,13
159.0,13101,13
159.0,13103,13
159.0,13105,13
159.0,13107,13
159.0,13109,13
159.0,13111,13
159.0,13113,13
159.0,13115,13
159.0,13117,13
159.0,13119,13
159.0,13121,13
159.0,13123,13
159.0,13125,13
159.0,13127,13
159.0,13129,13
159.0,13131,13
159.0,13133,13
159.0,13135,13
159.0,13137,13
159.0,13139,13
159.0,13141,13
159.0,13143,13
159.0,13145,13
159.0,13147,13
159.0,13149,13
159.0,13151,13
159.0,13153,13
159.0,13155,13
159.0,13157,13
159.0,13159,13
159.0,13161,13
159.0,13163,13
159.0,13165,13
159.0,13167,13
159.0,13169,13
159.0,13171,13
159.0,13173,13
159.0,13175,13
159.0,13177,13
159.0,13179,13
159.0,13181,13
159.0,13183,13
159.0,13185,13
159.0,13187,13
159.0,13189,13
159.0,13191,13
159.0,13193,13
159.0,13195,13
159.0,13197,13
159.0,13199,13
159.0,13201,13
159.0,13205,13
159.0,13207,13
159.0,13209,13
159.0,13211,13
159.0,13213,13
159.0,13215,13
159.0,13217,13
159.0,13219,13
159.0,13221,13
159.0,13223,13
159.0,13225,13
159.0,13227,13
159.0,13229,13
159.0,13231,13
159.0,13233,13
159.0,13235,13
159.0,13237,13
159.0,13239,13
159.0,13241,13
159.0,13243,13
159.0,13245,13
159.0,13247,13
159.0,13249,13
159.0,13251,13
159.0,13253,13
159.0,13255,13
159.0,13257,13
159.0,13259,13
159.0,13261,13
159.0,13263,13
159.0,13265,13
159.0,13267,13
159.0,13269,13
159.0,13271,13
159.0,13273,13
159.0,13275,13
159.0,13277,13
159.0,13279,13
159.0,13281,13
159.0,13283,13
159.0,13285,13
159.0,13287,13
159.0,13289,13
159.0,13291,13
159.0,13293,13
159.0,13295,13
159.0,13297,13
159.0,13299,13
159.0,13301,13
159.0,13303,13
159.0,13305,13
159.0,13307,13
159.0,13309,13
159.0,13311,13
159.0,13313,13
159.0,13315,13
159.0,13317,13
159.0,13319,13
159.0,13321,13
159.0,15000,15
159.0,15001,15
48.0,15003,15
48.0,15005,15
48.0,15007,15
48.0,15009,15
48.0,16000,16
80.0,16001,16
80.0,16003,16
80.0,16005,16
80.0,16007,16
80.0,16009,16
80.0,16011,16
80.0,16013,16
80.0,16015,16
80.0,16017,16
80.0,16019,16
80.0,16021,16
80.0,16023,16
80.0,16025,16
80.0,16027,16
80.0,16029,16
80.0,16031,16
80.0,16033,16
80.0,16035,16
80.0,16037,16
80.0,16039,16
80.0,16041,16
80.0,16043,16
80.0,16045,16
80.0,16047,16
80.0,16049,16
80.0,16051,16
80.0,16053,16
80.0,16055,16
80.0,16057,16
80.0,16059,16
80.0,16061,16
80.0,16063,16
80.0,16065,16
80.0,16067,16
80.0,16069,16
80.0,16071,16
80.0,16073,16
80.0,16075,16
80.0,16077,16
80.0,16079,16
80.0,16081,16
80.0,16083,16
80.0,16085,16
80.0,16087,16
80.0,17000,17
80.0,17001,17
80.0,17003,17
80.0,17005,17
80.0,17007,17
80.0,17009,17
80.0,17011,17
80.0,17013,17
80.0,17015,17
80.0,17017,17
80.0,17019,17
80.0,17021,17
80.0,17023,17
80.0,17025,17
80.0,17027,17
80.0,17029,17
161.0,17031,17
161.0,17033,17
161.0,17035,17
161.0,17037,17
161.0,17039,17
161.0,17041,17
161.0,17043,17
161.0,17045,17
161.0,17047,17
161.0,17049,17
161.0,17051,17
161.0,17053,17
161.0,17055,17
161.0,17057,17
161.0,17059,17
161.0,17061,17
161.0,17063,17
161.0,17065,17
161.0,17067,17
161.0,17069,17
161.0,17071,17
161.0,17073,17
161.0,17075,17
161.0,17077,17
161.0,17079,17
161.0,17081,17
161.0,17083,17
161.0,17085,17
161.0,17087,17
161.0,17089,17
161.0,17091,17
161.0,17093,17
161.0,17095,17
161.0,17097,17
161.0,17099,17
161.0,17101,17
161.0,17103,17
161.0,17105,17
161.0,17107,17
161.0,17109,17
161.0,17111,17
161.0,17113,17
161.0,17115,17
161.0,17117,17
161.0,17119,17
161.0,17121,17
161.0,17123,17
161.0,17125,17
161.0,17127,17
161.0,17129,17
161.0,17131,17
161.0,17133,17
161.0,17135,17
161.0,17137,17
161.0,17139,17
161.0,17141,17
161.0,17143,17
161.0,17145,17
161.0,17147,17
161.0,17149,17
161.0,17151,17
161.0,17153,17
161.0,17155,17
161.0,17157,17
161.0,17159,17
161.0,17161,17
190.0,17163,17
190.0,17165,17
190.0,17167,17
190.0,17169,17
190.0,17171,17
190.0,17173,17
190.0,17175,17
190.0,17177,17
190.0,17179,17
190.0,17181,17
190.0,17183,17
190.0,17185,17
190.0,17187,17
190.0,17189,17
190.0,17191,17
190.0,17193,17
190.0,17195,17
190.0,17197,17
190.0,17199,17
190.0,17201,17
190.0,17203,17
190.0,18000,18
190.0,18001,18
190.0,18003,18
190.0,18005,18
190.0,18007,18
190.0,18009,18
190.0,18011,18
190.0,18013,18
190.0,18015,18
190.0,18017,18
190.0,18019,18
190.0,18021,18
190.0,18023,18
190.0,18025,18
190.0,18027,18
190.0,18029,18
190.0,18031,18
190.0,18033,18
190.0,18035,18
190.0,18037,18
190.0,18039,18
190.0,18041,18
190.0,18043,18
190.0,18045,18
190.0,18047,18
190.0,18049,18
190.0,18051,18
190.0,18053,18
190.0,18055,18
190.0,18057,18
190.0,18059,18
190.0,18061,18
190.0,18063,18
190.0,18065,18
190.0,18067,18
190.0,18069,18
190.0,18071,18
190.0,18073,18
190.0,18075,18
190.0,18077,18
190.0,18079,18
190.0,18081,18
190.0,18083,18
190.0,18085,18
190.0,18087,18
190.0,18089,18
190.0,18091,18
190.0,18093,18
190.0,18095,18
190.0,18097,18
190.0,18099,18
190.0,18101,18
190.0,18103,18
190.0,18105,18
190.0,18107,18
190.0,18109,18
190.0,18111,18
190.0,18113,18
190.0,18115,18
190.0,18117,18
190.0,18119,18
190.0,18121,18
190.0,18123,18
190.0,18125,18
190.0,18127,18
190.0,18129,18
190.0,18131,18
190.0,18133,18
190.0,18135,18
190.0,18137,18
190.0,18139,18
190.0,18141,18
190.0,18143,18
190.0,18145,18
190.0,18147,18
190.0,18149,18
190.0,18151,18
190.0,18153,18
190.0,18155,18
190.0,18157,18
190.0,18159,18
190.0,18161,18
190.0,18163,18
190.0,18165,18
190.0,18167,18
190.0,18169,18
190.0,18171,18
190.0,18173,18
190.0,18175,18
190.0,18177,18
190.0,18179,18
190.0,18181,18
190.0,18183,18
190.0,19000,19
190.0,19001,19
190.0,19003,19
190.0,19005,19
190.0,19007,19
190.0,19009,19
190.0,19011,19
190.0,19013,19
190.0,19015,19
190.0,19017,19
190.0,19019,19
190.0,19021,19
190.0,19023,19
190.0,19025,19
190.0,19027,19
190.0,19029,19
190.0,19031,19
190.0,19033,19
190.0,19035,19
190.0,19037,19
190.0,19039,19
190.0,19041,19
190.0,19043,19
190.0,19045,19
190.0,19047,19
190.0,19049,19
190.0,19051,19
190.0,19053,19
190.0,19055,19
190.0,19057,19
190.0,19059,19
190.0,19061,19
190.0,19063,19
190.0,19065,19
190.0,19067,19
190.0,19069,19
190.0,19071,19
190.0,19073,19
190.0,19075,19
190.0,19077,19
190.0,19079,19
190.0,19081,19
190.0,19083,19
190.0,19085,19
190.0,19087,19
190.0,19089,19
190.0,19091,19
190.0,19093,19
190.0,19095,19
190.0,19097,19
190.0,19099,19
190.0,19101,19
190.0,19103,19
190.0,19105,19
190.0,19107,19
190.0,19109,19
190.0,19111,19
190.0,19113,19
190.0,19115,19
190.0,19117,19
190.0,19119,19
190.0,19121,19
190.0,19123,19
190.0,19125,19
190.0,19127,19
190.0,19129,19
190.0,19131,19
190.0,19133,19
190.0,19135,19
190.0,19137,19
190.0,19139,19
190.0,19141,19
190.0,19143,19
190.0,19145,19
190.0,19147,19
190.0,19149,19
190.0,19151,19
97.0,19153,19
97.0,19155,19
97.0,19157,19
97.0,19159,19
97.0,19161,19
101.0,19163,19
101.0,19165,19
101.0,19167,19
101.0,19169,19
101.0,19171,19
101.0,19173,19
101.0,19175,19
101.0,19177,19
101.0,19179,19
101.0,19181,19
101.0,19183,19
101.0,19185,19
101.0,19187,19
101.0,19189,19
101.0,19191,19
101.0,19193,19
101.0,19195,19
101.0,19197,19
101.0,20000,20
101.0,20001,20
101.0,20003,20
101.0,20005,20
101.0,20007,20
101.0,20009,20
101.0,20011,20
101.0,20013,20
101.0,20015,20
101.0,20017,20
101.0,20019,20
101.0,20021,20
101.0,20023,20
101.0,20025,20
101.0,20027,20
101.0,20029,20
101.0,20031,20
101.0,20033,20
101.0,20035,20
101.0,20037,20
101.0,20039,20
101.0,20041,20
101.0,20043,20
101.0,20045,20
101.0,20047,20
101.0,20049,20
101.0,20051,20
101.0,20053,20
101.0,20055,20
101.0,20057,20
101.0,20059,20
101.0,20061,20
101.0,20063,20
101.0,20065,20
101.0,20067,20
101.0,20069,20
101.0,20071,20
101.0,20073,20
101.0,20075,20
101.0,20077,20
101.0,20079,20
101.0,20081,20
101.0,20083,20
101.0,20085,20
101.0,20087,20
101.0,20089,20
101.0,20091,20
101.0,20093,20
101.0,20095,20
101.0,20097,20
101.0,20099,20
101.0,20101,20
101.0,20103,20
101.0,20105,20
151.0,20107,20
151.0,20109,20
151.0,20111,20
151.0,20113,20
151.0,20115,20
151.0,20117,20
151.0,20119,20
151.0,20121,20
151.0,20123,20
151.0,20125,20
151.0,20127,20
151.0,20129,20
151.0,20131,20
151.0,20133,20
151.0,20135,20
151.0,20137,20
151.0,20139,20
151.0,20141,20
151.0,20143,20
151.0,20145,20
151.0,20147,20
151.0,20149,20
151.0,20151,20
151.0,20153,20
151.0,20155,20
151.0,20157,20
151.0,20159,20
151.0,20161,20
151.0,20163,20
151.0,20165,20
151.0,20167,20
151.0,20169,20
151.0,20171,20
151.0,20173,20
151.0,20175,20
151.0,20177,20
151.0,20179,20
151.0,20181,20
151.0,20183,20
151.0,20185,20
151.0,20187,20
151.0,20189,20
116.0,20191,20
116.0,20193,20
116.0,20195,20
116.0,20197,20
116.0,20199,20
116.0,20201,20
116.0,20203,20
116.0,20205,20
116.0,20207,20
200.0,20209,20
200.0,21000,21
200.0,21001,21
200.0,21003,21
200.0,21005,21
200.0,21007,21
200.0,21009,21
200.0,21011,21
200.0,21013,21
200.0,21015,21
200.0,21017,21
179.0,21019,21
179.0,21021,21
179.0,21023,21
179.0,21025,21
179.0,21027,21
179.0,21029,21
179.0,21031,21
179.0,21033,21
179.0,21035,21
179.0,21037,21
179.0,21039,21
179.0,21041,21
179.0,21043,21
179.0,21045,21
179.0,21047,21
179.0,21049,21
179.0,21051,21
179.0,21053,21
179.0,21055,21
179.0,21057,21
147.0,21059,21
147.0,21061,21
147.0,21063,21
147.0,21065,21
140.0,21067,21
140.0,21069,21
140.0,21071,21
140.0,21073,21
140.0,21075,21
140.0,21077,21
140.0,21079,21
140.0,21081,21
140.0,21083,21
140.0,21085,21
140.0,21087,21
140.0,21089,21
140.0,21091,21
140.0,21093,21
140.0,21095,21
140.0,21097,21
140.0,21099,21
122.0,21101,21
122.0,21103,21
122.0,21105,21
122.0,21107,21
122.0,21109,21
174.0,21111,21
174.0,21113,21
174.0,21115,21
174.0,21117,21
174.0,21119,21
174.0,21121,21
174.0,21123,21
174.0,21125,21
174.0,21127,21
174.0,21129,21
174.0,21131,21
174.0,21133,21
174.0,21135,21
174.0,21137,21
174.0,21139,21
174.0,21141,21
174.0,21143,21
179.0,21145,21
179.0,21147,21
179.0,21149,21
179.0,21151,21
179.0,21153,21
179.0,21155,21
179.0,21157,21
179.0,21159,21
179.0,21161,21
179.0,21163,21
179.0,21165,21
179.0,21167,21
179.0,21169,21
179.0,21171,21
179.0,21173,21
179.0,21175,21
179.0,21177,21
179.0,21179,21
179.0,21181,21
179.0,21183,21
179.0,21185,21
179.0,21187,21
179.0,21189,21
179.0,21191,21
179.0,21193,21
179.0,21195,21
179.0,21197,21
179.0,21199,21
179.0,21201,21
179.0,21203,21
179.0,21205,21
179.0,21207,21
179.0,21209,21
179.0,21211,21
179.0,21213,21
179.0,21215,21
179.0,21217,21
179.0,21219,21
179.0,21221,21
179.0,21223,21
179.0,21225,21
179.0,21227,21
179.0,21229,21
179.0,21231,21
179.0,21233,21
179.0,21235,21
179.0,21237,21
179.0,21239,21
179.0,22000,22
179.0,22001,22
179.0,22003,22
179.0,22005,22
179.0,22007,22
179.0,22009,22
179.0,22011,22
179.0,22013,22
179.0,22015,22
179.0,22017,22
179.0,22019,22
179.0,22021,22
179.0,22023,22
179.0,22025,22
179.0,22027,22
179.0,22029,22
179.0,22031,22
197.0,22033,22
197.0,22035,22
197.0,22037,22
197.0,22039,22
197.0,22041,22
197.0,22043,22
197.0,22045,22
197.0,22047,22
197.0,22049,22
122.0,22051,22
122.0,22053,22
122.0,22055,22
122.0,22057,22
122.0,22059,22
122.0,22061,22
122.0,22063,22
122.0,22065,22
122.0,22067,22
122.0,22069,22
122.0,22071,22
122.0,22073,22
122.0,22075,22
122.0,22077,22
122.0,22079,22
122.0,22081,22
122.0,22083,22
122.0,22085,22
122.0,22087,22
122.0,22089,22
122.0,22091,22
122.0,22093,22
122.0,22095,22
122.0,22097,22
122.0,22099,22
122.0,22101,22
122.0,22103,22
122.0,22105,22
122.0,22107,22
122.0,22109,22
122.0,22111,22
122.0,22113,22
122.0,22115,22
122.0,22117,22
122.0,22119,22
122.0,22121,22
122.0,22123,22
122.0,22125,22
122.0,22127,22
122.0,23000,23
122.0,23001,23
101.0,23003,23
84.0,23005,23
84.0,23007,23
84.0,23009,23
84.0,23011,23
84.0,23013,23
84.0,23015,23
84.0,23017,23
84.0,23019,23
84.0,23021,23
84.0,23023,23
84.0,23025,23
84.0,23027,23
84.0,23029,23
84.0,23031,23
84.0,24000,24
84.0,24001,24
84.0,24003,24
200.0,24005,24
200.0,24009,24
200.0,24011,24
200.0,24013,24
200.0,24015,24
200.0,24017,24
200.0,24019,24
200.0,24021,24
100.0,24023,24
100.0,24025,24
100.0,24027,24
100.0,24029,24
100.0,24031,24
156.0,24033,24
156.0,24035,24
156.0,24037,24
156.0,24039,24
156.0,24041,24
156.0,24043,24
156.0,24045,24
156.0,24047,24
156.0,24510,24
156.0,25000,25
156.0,25001,25
156.0,25003,25
156.0,25005,25
156.0,25007,25
156.0,25009,25
156.0,25011,25
156.0,25013,25
156.0,25015,25
156.0,25017,25
156.0,25019,25
156.0,25021,25
156.0,25023,25
145.0,25025,25
145.0,25027,25
145.0,26000,26
145.0,26001,26
145.0,26003,26
145.0,26005,26
145.0,26007,26
145.0,26009,26
145.0,26011,26
145.0,26013,26
145.0,26015,26
145.0,26017,26
145.0,26019,26
145.0,26021,26
145.0,26023,26
145.0,26025,26
145.0,26027,26
145.0,26029,26
145.0,26031,26
145.0,26033,26
145.0,26035,26
145.0,26037,26
145.0,26039,26
145.0,26041,26
145.0,26043,26
145.0,26045,26
145.0,26047,26
145.0,26049,26
145.0,26051,26
145.0,26053,26
145.0,26055,26
145.0,26057,26
145.0,26059,26
145.0,26061,26
145.0,26063,26
145.0,26065,26
145.0,26067,26
145.0,26069,26
145.0,26071,26
145.0,26073,26
145.0,26075,26
145.0,26077,26
145.0,26079,26
172.0,26081,26
172.0,26083,26
172.0,26085,26
172.0,26087,26
172.0,26089,26
172.0,26091,26
172.0,26093,26
172.0,26095,26
172.0,26097,26
172.0,26099,26
172.0,26101,26
172.0,26103,26
172.0,26105,26
172.0,26107,26
172.0,26109,26
172.0,26111,26
172.0,26113,26
172.0,26115,26
172.0,26117,26
172.0,26119,26
172.0,26121,26
172.0,26123,26
172.0,26125,26
172.0,26127,26
172.0,26129,26
172.0,26131,26
172.0,26133,26
172.0,26135,26
172.0,26137,26
172.0,26139,26
172.0,26141,26
172.0,26143,26
172.0,26145,26
172.0,26147,26
172.0,26149,26
172.0,26151,26
172.0,26153,26
172.0,26155,26
172.0,26157,26
172.0,26159,26
172.0,26161,26
156.0,26163,26
156.0,26165,26
156.0,27000,27
156.0,27001,27
137.0,27003,27
137.0,27005,27
137.0,27007,27
137.0,27009,27
137.0,27011,27
137.0,27013,27
137.0,27015,27
137.0,27017,27
137.0,27019,27
137.0,27021,27
137.0,27023,27
137.0,27025,27
137.0,27027,27
137.0,27029,27
137.0,27031,27
137.0,27033,27
137.0,27035,27
137.0,27037,27
137.0,27039,27
137.0,27041,27
137.0,27043,27
137.0,27045,27
137.0,27047,27
137.0,27049,27
137.0,27051,27
137.0,27053,27
137.0,27055,27
137.0,27057,27
137.0,27059,27
137.0,27061,27
137.0,27063,27
137.0,27065,27
137.0,27067,27
137.0,27069,27
137.0,27071,27
137.0,27073,27
137.0,27075,27
137.0,27077,27
137.0,27079,27
137.0,27081,27
137.0,27083,27
137.0,27085,27
137.0,27087,27
137.0,27089,27
137.0,27091,27
137.0,27093,27
137.0,27095,27
137.0,27097,27
137.0,27099,27
137.0,27101,27
137.0,27103,27
137.0,27105,27
137.0,27107,27
137.0,27109,27
137.0,27111,27
137.0,27113,27
137.0,27115,27
137.0,27117,27
137.0,27119,27
137.0,27121,27
137.0,27123,27
137.0,27125,27
137.0,27127,27
137.0,27129,27
137.0,27131,27
137.0,27133,27
137.0,27135,27
137.0,27137,27
137.0,27139,27
137.0,27141,27
137.0,27143,27
137.0,27145,27
137.0,27147,27
137.0,27149,27
137.0,27151,27
137.0,27153,27
137.0,27155,27
137.0,27157,27
137.0,27159,27
137.0,27161,27
137.0,27163,27
137.0,27165,27
137.0,27167,27
137.0,27169,27
137.0,27171,27
137.0,27173,27
137.0,28000,28
137.0,28001,28
137.0,28003,28
137.0,28005,28
137.0,28007,28
137.0,28009,28
137.0,28011,28
137.0,28013,28
137.0,28015,28
137.0,28017,28
137.0,28019,28
137.0,28021,28
137.0,28023,28
137.0,28025,28
137.0,28027,28
137.0,28029,28
137.0,28031,28
137.0,28033,28
137.0,28035,28
137.0,28037,28
137.0,28039,28
137.0,28041,28
137.0,28043,28
137.0,28045,28
137.0,28047,28
137.0,28049,28
137.0,28051,28
137.0,28053,28
137.0,28055,28
137.0,28057,28
137.0,28059,28
137.0,28061,28
137.0,28063,28
137.0,28065,28
137.0,28067,28
137.0,28069,28
137.0,28071,28
137.0,28073,28
137.0,28075,28
137.0,28077,28
137.0,28079,28
137.0,28081,28
137.0,28083,28
137.0,28085,28
137.0,28087,28
137.0,28089,28
137.0,28091,28
137.0,28093,28
137.0,28095,28
137.0,28097,28
137.0,28099,28
137.0,28101,28
137.0,28103,28
137.0,28105,28
137.0,28107,28
137.0,28109,28
137.0,28111,28
137.0,28113,28
137.0,28115,28
137.0,28117,28
137.0,28119,28
137.0,28121,28
137.0,28123,28
137.0,28125,28
137.0,28127,28
137.0,28129,28
137.0,28131,28
137.0,28133,28
137.0,28135,28
137.0,28137,28
137.0,28139,28
137.0,28141,28
137.0,28143,28
137.0,28145,28
137.0,28147,28
137.0,28149,28
137.0,28151,28
137.0,28153,28
137.0,28155,28
137.0,28157,28
137.0,28159,28
137.0,28161,28
137.0,28163,28
137.0,29000,29
137.0,29001,29
137.0,29003,29
137.0,29005,29
137.0,29007,29
137.0,29009,29
137.0,29011,29
137.0,29013,29
137.0,29015,29
137.0,29017,29
137.0,29019,29
137.0,29021,29
137.0,29023,29
137.0,29025,29
137.0,29027,29
137.0,29029,29
137.0,29031,29
137.0,29033,29
137.0,29035,29
137.0,29037,29
137.0,29039,29
137.0,29041,29
137.0,29043,29
137.0,29045,29
137.0,29047,29
137.0,29049,29
137.0,29051,29
137.0,29053,29
137.0,29055,29
137.0,29057,29
137.0,29059,29
137.0,29061,29
137.0,29063,29
137.0,29065,29
137.0,29067,29
137.0,29069,29
137.0,29071,29
137.0,29073,29
137.0,29075,29
137.0,29077,29
137.0,29079,29
137.0,29081,29
137.0,29083,29
137.0,29085,29
137.0,29087,29
137.0,29089,29
137.0,29091,29
137.0,29093,29
137.0,29095,29
137.0,29097,29
137.0,29099,29
137.0,29101,29
137.0,29103,29
137.0,29105,29
137.0,29107,29
137.0,29109,29
137.0,29111,29
137.0,29113,29
137.0,29115,29
137.0,29117,29
137.0,29119,29
137.0,29121,29
137.0,29123,29
137.0,29125,29
137.0,29127,29
137.0,29129,29
137.0,29131,29
137.0,29133,29
137.0,29135,29
137.0,29137,29
137.0,29139,29
137.0,29141,29
137.0,29143,29
137.0,29145,29
137.0,29147,29
137.0,29149,29
137.0,29151,29
137.0,29153,29
137.0,29155,29
137.0,29157,29
137.0,29159,29
137.0,29161,29
137.0,29163,29
137.0,29165,29
137.0,29167,29
137.0,29169,29
137.0,29171,29
137.0,29173,29
137.0,29175,29
137.0,29177,29
137.0,29179,29
137.0,29181,29
137.0,29183,29
137.0,29185,29
137.0,29186,29
137.0,29187,29
182.0,29189,29
182.0,29195,29
182.0,29197,29
182.0,29199,29
182.0,29201,29
182.0,29203,29
182.0,29205,29
182.0,29207,29
182.0,29209,29
182.0,29211,29
182.0,29213,29
182.0,29215,29
182.0,29217,29
182.0,29219,29
182.0,29221,29
182.0,29223,29
182.0,29225,29
182.0,29227,29
182.0,29229,29
201.0,29510,29
75.0,30000,30
75.0,30001,30
75.0,30003,30
75.0,30005,30
75.0,30007,30
75.0,30009,30
75.0,30011,30
75.0,30013,30
75.0,30015,30
75.0,30017,30
75.0,30019,30
75.0,30021,30
75.0,30023,30
75.0,30025,30
75.0,30027,30
75.0,30029,30
75.0,30031,30
75.0,30033,30
75.0,30035,30
75.0,30037,30
75.0,30039,30
75.0,30041,30
75.0,30043,30
75.0,30045,30
75.0,30047,30
75.0,30049,30
75.0,30051,30
75.0,30053,30
75.0,30055,30
75.0,30057,30
75.0,30059,30
75.0,30061,30
75.0,30063,30
75.0,30065,30
75.0,30067,30
75.0,30069,30
75.0,30071,30
75.0,30073,30
75.0,30075,30
75.0,30077,30
75.0,30079,30
75.0,30081,30
75.0,30083,30
75.0,30085,30
75.0,30087,30
75.0,30089,30
75.0,30091,30
75.0,30093,30
75.0,30095,30
75.0,30097,30
75.0,30099,30
75.0,30101,30
75.0,30103,30
75.0,30105,30
75.0,30107,30
75.0,30109,30
75.0,30111,30
125.0,31000,31
125.0,31001,31
125.0,31003,31
125.0,31005,31
125.0,31007,31
125.0,31009,31
125.0,31011,31
125.0,31013,31
125.0,31015,31
125.0,31017,31
125.0,31019,31
125.0,31021,31
125.0,31023,31
125.0,31025,31
125.0,31027,31
125.0,31029,31
125.0,31031,31
125.0,31033,31
125.0,31035,31
125.0,31037,31
125.0,31039,31
125.0,31041,31
125.0,31043,31
125.0,31045,31
125.0,31047,31
125.0,31049,31
125.0,31051,31
125.0,31053,31
125.0,31055,31
125.0,31057,31
125.0,31059,31
125.0,31061,31
125.0,31063,31
125.0,31065,31
125.0,31067,31
125.0,31069,31
125.0,31071,31
125.0,31073,31
125.0,31075,31
125.0,31077,31
125.0,31079,31
125.0,31081,31
125.0,31083,31
125.0,31085,31
125.0,31087,31
125.0,31089,31
125.0,31091,31
125.0,31093,31
125.0,31095,31
125.0,31097,31
125.0,31099,31
125.0,31101,31
125.0,31103,31
125.0,31105,31
125.0,31107,31
125.0,31109,31
125.0,31111,31
125.0,31113,31
125.0,31115,31
125.0,31117,31
125.0,31119,31
125.0,31121,31
125.0,31123,31
125.0,31125,31
125.0,31127,31
125.0,31129,31
125.0,31131,31
125.0,31133,31
125.0,31135,31
125.0,31137,31
125.0,31139,31
125.0,31141,31
125.0,31143,31
125.0,31145,31
125.0,31147,31
125.0,31149,31
125.0,31151,31
125.0,31153,31
125.0,31155,31
125.0,31157,31
125.0,31159,31
125.0,31161,31
125.0,31163,31
125.0,31165,31
125.0,31167,31
125.0,31169,31
125.0,31171,31
125.0,31173,31
125.0,31175,31
125.0,31177,31
125.0,31179,31
125.0,31181,31
125.0,31183,31
125.0,31185,31
201.0,32000,32
201.0,32001,32
122.0,32003,32
122.0,32005,32
122.0,32007,32
122.0,32009,32
122.0,32011,32
122.0,32013,32
122.0,32015,32
122.0,32017,32
122.0,32019,32
122.0,32021,32
122.0,32023,32
122.0,32027,32
122.0,32029,32
119.0,32031,32
119.0,32033,32
119.0,32510,32
119.0,33000,33
119.0,33001,33
119.0,33003,33
119.0,33005,33
119.0,33007,33
119.0,33009,33
147.0,33011,33
147.0,33013,33
108.0,33015,33
108.0,33017,33
108.0,33019,33
108.0,34000,34
108.0,34001,34
108.0,34003,34
108.0,34005,34
203.0,34007,34
203.0,34009,34
203.0,34011,34
161.0,34013,34
161.0,34015,34
161.0,34017,34
161.0,34019,34
161.0,34021,34
161.0,34023,34
161.0,34025,34
161.0,34027,34
161.0,34029,34
161.0,34031,34
161.0,34033,34
161.0,34035,34
161.0,34037,34
161.0,34039,34
161.0,34041,34
161.0,35000,35
112.0,35001,35
112.0,35003,35
112.0,35005,35
112.0,35006,35
112.0,35007,35
112.0,35009,35
112.0,35011,35
112.0,35013,35
112.0,35015,35
112.0,35017,35
112.0,35019,35
112.0,35021,35
112.0,35023,35
112.0,35025,35
112.0,35027,35
112.0,35028,35
112.0,35029,35
112.0,35031,35
112.0,35033,35
112.0,35035,35
112.0,35037,35
112.0,35039,35
112.0,35041,35
112.0,35043,35
112.0,35045,35
112.0,35047,35
112.0,35049,35
112.0,35051,35
112.0,35053,35
112.0,35055,35
112.0,35057,35
112.0,35059,35
112.0,35061,35
112.0,36000,36
112.0,36001,36
112.0,36003,36
119.0,36005,36
119.0,36007,36
119.0,36009,36
119.0,36011,36
119.0,36013,36
119.0,36015,36
119.0,36017,36
119.0,36019,36
119.0,36021,36
119.0,36023,36
119.0,36025,36
119.0,36027,36
119.0,36029,36
119.0,36031,36
119.0,36033,36
119.0,36035,36
119.0,36037,36
119.0,36039,36
119.0,36041,36
119.0,36043,36
119.0,36045,36
119.0,36047,36
119.0,36049,36
119.0,36051,36
119.0,36053,36
97.0,36055,36
97.0,36057,36
97.0,36059,36
97.0,36061,36
97.0,36063,36
97.0,36065,36
97.0,36067,36
97.0,36069,36
97.0,36071,36
97.0,36073,36
97.0,36075,36
97.0,36077,36
97.0,36079,36
201.0,36081,36
201.0,36083,36
201.0,36085,36
201.0,36087,36
201.0,36089,36
201.0,36091,36
201.0,36093,36
201.0,36095,36
201.0,36097,36
201.0,36099,36
87.0,36101,36
206.0,36103,36
206.0,36105,36
206.0,36107,36
206.0,36109,36
206.0,36111,36
206.0,36113,36
206.0,36115,36
206.0,36117,36
206.0,36119,36
206.0,36121,36
206.0,36123,36
206.0,37000,37
206.0,37001,37
206.0,37003,37
206.0,37005,37
206.0,37007,37
206.0,37009,37
206.0,37011,37
206.0,37013,37
206.0,37015,37
206.0,37017,37
206.0,37019,37
206.0,37021,37
206.0,37023,37
206.0,37025,37
206.0,37027,37
206.0,37029,37
206.0,37031,37
206.0,37033,37
206.0,37035,37
206.0,37037,37
206.0,37039,37
206.0,37041,37
206.0,37043,37
206.0,37045,37
206.0,37047,37
206.0,37049,37
206.0,37051,37
206.0,37053,37
206.0,37055,37
206.0,37057,37
206.0,37059,37
206.0,37061,37
206.0,37063,37
206.0,37065,37
195.0,37067,37
195.0,37069,37
195.0,37071,37
195.0,37073,37
195.0,37075,37
195.0,37077,37
195.0,37079,37
195.0,37081,37
195.0,37083,37
195.0,37085,37
195.0,37087,37
195.0,37089,37
195.0,37091,37
195.0,37093,37
195.0,37095,37
195.0,37097,37
195.0,37099,37
195.0,37101,37
195.0,37103,37
195.0,37105,37
195.0,37107,37
195.0,37109,37
195.0,37111,37
195.0,37113,37
195.0,37115,37
195.0,37117,37
205.0,37119,37
205.0,37121,37
205.0,37123,37
205.0,37125,37
205.0,37127,37
205.0,37129,37
205.0,37131,37
205.0,37133,37
205.0,37135,37
205.0,37137,37
205.0,37139,37
205.0,37141,37
205.0,37143,37
205.0,37145,37
205.0,37147,37
205.0,37149,37
205.0,37151,37
205.0,37153,37
205.0,37155,37
205.0,37157,37
205.0,37159,37
205.0,37161,37
205.0,37163,37
205.0,37165,37
205.0,37167,37
205.0,37169,37
205.0,37171,37
205.0,37173,37
205.0,37175,37
205.0,37177,37
205.0,37179,37
205.0,37181,37
101.0,37183,37
101.0,37185,37
101.0,37187,37
101.0,37189,37
101.0,37191,37
101.0,37193,37
101.0,37195,37
101.0,37197,37
101.0,37199,37
101.0,38000,38
101.0,38001,38
101.0,38003,38
101.0,38005,38
101.0,38007,38
101.0,38009,38
101.0,38011,38
101.0,38013,38
101.0,38015,38
80.0,38017,38
80.0,38019,38
80.0,38021,38
80.0,38023,38
80.0,38025,38
80.0,38027,38
80.0,38029,38
80.0,38031,38
80.0,38033,38
80.0,38035,38
80.0,38037,38
80.0,38039,38
80.0,38041,38
80.0,38043,38
80.0,38045,38
80.0,38047,38
80.0,38049,38
80.0,38051,38
80.0,38053,38
80.0,38055,38
80.0,38057,38
80.0,38059,38
80.0,38061,38
80.0,38063,38
80.0,38065,38
80.0,38067,38
80.0,38069,38
80.0,38071,38
80.0,38073,38
80.0,38075,38
80.0,38077,38
80.0,38079,38
80.0,38081,38
80.0,38083,38
80.0,38085,38
80.0,38087,38
80.0,38089,38
80.0,38091,38
80.0,38093,38
80.0,38095,38
80.0,38097,38
80.0,38099,38
80.0,38101,38
80.0,38103,38
80.0,38105,38
80.0,39000,39
80.0,39001,39
80.0,39003,39
80.0,39005,39
80.0,39007,39
93.0,39009,39
93.0,39011,39
93.0,39013,39
93.0,39015,39
93.0,39017,39
93.0,39019,39
93.0,39021,39
93.0,39023,39
93.0,39025,39
93.0,39027,39
93.0,39029,39
93.0,39031,39
93.0,39033,39
122.0,39035,39
122.0,39037,39
122.0,39039,39
122.0,39041,39
122.0,39043,39
122.0,39045,39
122.0,39047,39
122.0,39049,39
122.0,39051,39
122.0,39053,39
122.0,39055,39
122.0,39057,39
122.0,39059,39
135.0,39061,39
135.0,39063,39
135.0,39065,39
135.0,39067,39
135.0,39069,39
135.0,39071,39
135.0,39073,39
135.0,39075,39
135.0,39077,39
135.0,39079,39
135.0,39081,39
135.0,39083,39
135.0,39085,39
135.0,39087,39
135.0,39089,39
135.0,39091,39
135.0,39093,39
135.0,39095,39
135.0,39097,39
135.0,39099,39
135.0,39101,39
137.0,39103,39
137.0,39105,39
137.0,39107,39
137.0,39109,39
137.0,39111,39
137.0,39113,39
137.0,39115,39
137.0,39117,39
137.0,39119,39
137.0,39121,39
137.0,39123,39
137.0,39125,39
137.0,39127,39
137.0,39129,39
137.0,39131,39
137.0,39133,39
137.0,39135,39
137.0,39137,39
137.0,39139,39
137.0,39141,39
137.0,39143,39
137.0,39145,39
137.0,39147,39
137.0,39149,39
137.0,39151,39
137.0,39153,39
137.0,39155,39
137.0,39157,39
137.0,39159,39
137.0,39161,39
137.0,39163,39
137.0,39165,39
137.0,39167,39
137.0,39169,39
137.0,39171,39
137.0,39173,39
137.0,39175,39
137.0,40000,40
132.0,40001,40
132.0,40003,40
132.0,40005,40
132.0,40007,40
132.0,40009,40
132.0,40011,40
132.0,40013,40
132.0,40015,40
132.0,40017,40
132.0,40019,40
156.0,40021,40
156.0,40023,40
156.0,40025,40
156.0,40027,40
156.0,40029,40
156.0,40031,40
156.0,40033,40
156.0,40035,40
156.0,40037,40
156.0,40039,40
156.0,40041,40
156.0,40043,40
156.0,40045,40
156.0,40047,40
156.0,40049,40
156.0,40051,40
156.0,40053,40
156.0,40055,40
156.0,40057,40
156.0,40059,40
156.0,40061,40
156.0,40063,40
156.0,40065,40
156.0,40067,40
156.0,40069,40
140.0,40071,40
140.0,40073,40
140.0,40075,40
140.0,40077,40
140.0,40079,40
140.0,40081,40
140.0,40083,40
140.0,40085,40
140.0,40087,40
140.0,40089,40
140.0,40091,40
140.0,40093,40
140.0,40095,40
140.0,40097,40
140.0,40099,40
140.0,40101,40
140.0,40103,40
140.0,40105,40
140.0,40107,40
147.0,40109,40
147.0,40111,40
147.0,40113,40
145.0,40115,40
145.0,40117,40
145.0,40119,40
145.0,40121,40
145.0,40123,40
145.0,40125,40
145.0,40127,40
145.0,40129,40
145.0,40131,40
145.0,40133,40
145.0,40135,40
145.0,40137,40
145.0,40139,40
145.0,40141,40
164.0,40143,40
164.0,40145,40
164.0,40147,40
164.0,40149,40
164.0,40151,40
164.0,40153,40
164.0,41000,41
164.0,41001,41
164.0,41003,41
164.0,41005,41
164.0,41007,41
164.0,41009,41
164.0,41011,41
164.0,41013,41
164.0,41015,41
164.0,41017,41
164.0,41019,41
164.0,41021,41
164.0,41023,41
164.0,41025,41
164.0,41027,41
164.0,41029,41
164.0,41031,41
164.0,41033,41
164.0,41035,41
164.0,41037,41
164.0,41039,41
164.0,41041,41
164.0,41043,41
164.0,41045,41
164.0,41047,41
164.0,41049,41
115.0,41051,41
115.0,41053,41
115.0,41055,41
115.0,41057,41
115.0,41059,41
115.0,41061,41
115.0,41063,41
115.0,41065,41
115.0,41067,41
115.0,41069,41
115.0,41071,41
115.0,42000,42
203.0,42003,42
203.0,42005,42
203.0,42007,42
203.0,42009,42
177.0,42011,42
182.0,42013,42
182.0,42015,42
207.0,42017,42
207.0,42019,42
164.0,42021,42
164.0,42023,42
164.0,42025,42
164.0,42027,42
164.0,42029,42
164.0,42031,42
164.0,42033,42
164.0,42035,42
164.0,42037,42
164.0,42039,42
164.0,42041,42
140.0,42043,42
140.0,42045,42
140.0,42047,42
169.0,42049,42
169.0,42051,42
169.0,42053,42
169.0,42055,42
169.0,42057,42
169.0,42059,42
169.0,42061,42
169.0,42063,42
169.0,42065,42
169.0,42067,42
177.0,42069,42
203.0,42071,42
203.0,42073,42
203.0,42075,42
203.0,42077,42
140.0,42079,42
140.0,42081,42
140.0,42083,42
140.0,42085,42
140.0,42087,42
140.0,42089,42
207.0,42091,42
207.0,42093,42
201.0,42095,42
201.0,42097,42
201.0,42099,42
147.0,42101,42
147.0,42103,42
147.0,42105,42
147.0,42107,42
147.0,42109,42
147.0,42111,42
147.0,42113,42
147.0,42115,42
147.0,42117,42
147.0,42119,42
147.0,42121,42
147.0,42123,42
182.0,42125,42
182.0,42127,42
187.0,42129,42
187.0,42131,42
179.0,42133,42
179.0,44000,44
179.0,44001,44
179.0,44003,44
179.0,44005,44
159.0,44007,44
159.0,44009,44
159.0,45000,45
159.0,45001,45
159.0,45003,45
159.0,45005,45
159.0,45007,45
159.0,45009,45
159.0,45011,45
159.0,45013,45
159.0,45015,45
159.0,45017,45
135.0,45019,45
135.0,45021,45
135.0,45023,45
135.0,45025,45
135.0,45027,45
135.0,45029,45
135.0,45031,45
135.0,45033,45
135.0,45035,45
135.0,45037,45
135.0,45039,45
135.0,45041,45
135.0,45043,45
135.0,45045,45
135.0,45047,45
135.0,45049,45
135.0,45051,45
135.0,45053,45
135.0,45055,45
135.0,45057,45
135.0,45059,45
135.0,45061,45
135.0,45063,45
135.0,45065,45
135.0,45067,45
135.0,45069,45
135.0,45071,45
135.0,45073,45
135.0,45075,45
135.0,45077,45
47.0,45079,45
47.0,45081,45
47.0,45083,45
47.0,45085,45
47.0,45087,45
47.0,45089,45
47.0,45091,45
47.0,46000,46
47.0,46003,46
47.0,46005,46
47.0,46007,46
47.0,46009,46
47.0,46011,46
47.0,46013,46
47.0,46015,46
47.0,46017,46
47.0,46019,46
47.0,46021,46
47.0,46023,46
47.0,46025,46
47.0,46027,46
47.0,46029,46
47.0,46031,46
47.0,46033,46
47.0,46035,46
47.0,46037,46
47.0,46039,46
47.0,46041,46
47.0,46043,46
47.0,46045,46
47.0,46047,46
47.0,46049,46
47.0,46051,46
47.0,46053,46
47.0,46055,46
47.0,46057,46
47.0,46059,46
47.0,46061,46
47.0,46063,46
47.0,46065,46
47.0,46067,46
47.0,46069,46
47.0,46071,46
47.0,46073,46
47.0,46075,46
47.0,46077,46
47.0,46079,46
47.0,46081,46
47.0,46083,46
47.0,46085,46
47.0,46087,46
47.0,46089,46
47.0,46091,46
47.0,46093,46
47.0,46095,46
47.0,46097,46
122.0,46099,46
122.0,46101,46
122.0,46103,46
122.0,46105,46
122.0,46107,46
122.0,46109,46
122.0,46111,46
122.0,46113,46
122.0,46115,46
122.0,46117,46
122.0,46119,46
122.0,46121,46
122.0,46123,46
122.0,46125,46
71.0,46127,46
71.0,46129,46
71.0,46135,46
71.0,46137,46
71.0,47000,47
71.0,47001,47
71.0,47003,47
71.0,47005,47
71.0,47007,47
122.0,47009,47
122.0,47011,47
122.0,47013,47
122.0,47015,47
122.0,47017,47
122.0,47019,47
122.0,47021,47
122.0,47023,47
122.0,47025,47
122.0,47027,47
122.0,47029,47
122.0,47031,47
122.0,47033,47
122.0,47035,47
122.0,47037,47
122.0,47039,47
122.0,47041,47
122.0,47043,47
122.0,47045,47
122.0,47047,47
122.0,47049,47
122.0,47051,47
122.0,47053,47
122.0,47055,47
122.0,47057,47
122.0,47059,47
122.0,47061,47
122.0,47063,47
122.0,47065,47
122.0,47067,47
122.0,47069,47
122.0,47071,47
122.0,47073,47
151.0,47075,47
151.0,47077,47
151.0,47079,47
151.0,47081,47
151.0,47083,47
151.0,47085,47
151.0,47087,47
151.0,47089,47
151.0,47091,47
151.0,47093,47
151.0,47095,47
151.0,47097,47
151.0,47099,47
151.0,47101,47
151.0,47103,47
151.0,47105,47
151.0,47107,47
151.0,47109,47
151.0,47111,47
151.0,47113,47
151.0,47115,47
151.0,47117,47
151.0,47119,47
185.0,47121,47
185.0,47123,47
185.0,47125,47
185.0,47127,47
185.0,47129,47
185.0,47131,47
185.0,47133,47
185.0,47135,47
185.0,47137,47
185.0,47139,47
185.0,47141,47
185.0,47143,47
185.0,47145,47
185.0,47147,47
185.0,47149,47
185.0,47151,47
185.0,47153,47
185.0,47155,47
185.0,47157,47
185.0,47159,47
185.0,47161,47
185.0,47163,47
185.0,47165,47
185.0,47167,47
185.0,47169,47
185.0,47171,47
185.0,47173,47
185.0,47175,47
185.0,47177,47
185.0,47179,47
185.0,47181,47
185.0,47183,47
185.0,47185,47
185.0,47187,47
185.0,47189,47
185.0,48000,48
185.0,48001,48
185.0,48003,48
185.0,48005,48
185.0,48007,48
185.0,48009,48
185.0,48011,48
185.0,48013,48
185.0,48015,48
185.0,48017,48
185.0,48019,48
185.0,48021,48
185.0,48023,48
185.0,48025,48
185.0,48027,48
109.0,48029,48
109.0,48031,48
109.0,48033,48
109.0,48035,48
109.0,48037,48
109.0,48039,48
109.0,48041,48
109.0,48043,48
109.0,48045,48
109.0,48047,48
109.0,48049,48
109.0,48051,48
109.0,48053,48
109.0,48055,48
109.0,48057,48
109.0,48059,48
109.0,48061,48
109.0,48063,48
109.0,48065,48
109.0,48067,48
109.0,48069,48
109.0,48071,48
109.0,48073,48
109.0,48075,48
109.0,48077,48
109.0,48079,48
109.0,48081,48
109.0,48083,48
109.0,48085,48
109.0,48087,48
109.0,48089,48
109.0,48091,48
109.0,48093,48
109.0,48095,48
109.0,48097,48
109.0,48099,48
109.0,48101,48
109.0,48103,48
109.0,48105,48
109.0,48107,48
109.0,48109,48
109.0,48111,48
206.0,48113,48
206.0,48115,48
206.0,48117,48
206.0,48119,48
206.0,48121,48
206.0,48123,48
206.0,48125,48
206.0,48127,48
206.0,48129,48
206.0,48131,48
206.0,48133,48
206.0,48135,48
206.0,48137,48
206.0,48139,48
164.0,48141,48
164.0,48143,48
164.0,48145,48
164.0,48147,48
164.0,48149,48
164.0,48151,48
164.0,48153,48
164.0,48155,48
164.0,48157,48
164.0,48159,48
164.0,48161,48
164.0,48163,48
164.0,48165,48
164.0,48167,48
164.0,48169,48
164.0,48171,48
164.0,48173,48
164.0,48175,48
164.0,48177,48
164.0,48179,48
164.0,48181,48
164.0,48183,48
164.0,48185,48
164.0,48187,48
164.0,48189,48
164.0,48191,48
164.0,48193,48
164.0,48195,48
164.0,48197,48
164.0,48199,48
205.0,48201,48
205.0,48203,48
205.0,48205,48
205.0,48207,48
205.0,48209,48
205.0,48211,48
205.0,48213,48
205.0,48215,48
205.0,48217,48
205.0,48219,48
205.0,48221,48
205.0,48223,48
205.0,48225,48
205.0,48227,48
205.0,48229,48
205.0,48231,48
205.0,48233,48
205.0,48235,48
205.0,48237,48
205.0,48239,48
205.0,48241,48
205.0,48243,48
205.0,48245,48
205.0,48247,48
205.0,48249,48
205.0,48251,48
205.0,48253,48
205.0,48255,48
205.0,48257,48
205.0,48259,48
205.0,48261,48
205.0,48263,48
205.0,48265,48
205.0,48267,48
205.0,48269,48
205.0,48271,48
205.0,48273,48
205.0,48275,48
205.0,48277,48
205.0,48279,48
205.0,48281,48
205.0,48283,48
205.0,48285,48
205.0,48287,48
205.0,48289,48
205.0,48291,48
205.0,48293,48
205.0,48295,48
205.0,48297,48
205.0,48299,48
205.0,48301,48
205.0,48303,48
205.0,48305,48
205.0,48307,48
129.0,48309,48
129.0,48311,48
129.0,48313,48
129.0,48315,48
129.0,48317,48
129.0,48319,48
129.0,48321,48
129.0,48323,48
129.0,48325,48
129.0,48327,48
129.0,48329,48
129.0,48331,48
129.0,48333,48
129.0,48335,48
129.0,48337,48
129.0,48339,48
129.0,48341,48
129.0,48343,48
129.0,48345,48
129.0,48347,48
129.0,48349,48
129.0,48351,48
129.0,48353,48
129.0,48355,48
129.0,48357,48
129.0,48359,48
129.0,48361,48
129.0,48363,48
129.0,48365,48
129.0,48367,48
129.0,48369,48
129.0,48371,48
129.0,48373,48
129.0,48375,48
129.0,48377,48
129.0,48379,48
129.0,48381,48
129.0,48383,48
129.0,48385,48
129.0,48387,48
129.0,48389,48
129.0,48391,48
129.0,48393,48
129.0,48395,48
129.0,48397,48
129.0,48399,48
129.0,48401,48
129.0,48403,48
129.0,48405,48
129.0,48407,48
129.0,48409,48
129.0,48411,48
129.0,48413,48
129.0,48415,48
129.0,48417,48
129.0,48419,48
129.0,48421,48
129.0,48423,48
129.0,48425,48
129.0,48427,48
129.0,48429,48
129.0,48431,48
129.0,48433,48
129.0,48435,48
129.0,48437,48
129.0,48439,48
129.0,48441,48
129.0,48443,48
129.0,48445,48
129.0,48447,48
129.0,48449,48
129.0,48451,48
129.0,48453,48
129.0,48455,48
129.0,48457,48
129.0,48459,48
129.0,48461,48
129.0,48463,48
129.0,48465,48
129.0,48467,48
129.0,48469,48
129.0,48471,48
129.0,48473,48
129.0,48475,48
129.0,48477,48
129.0,48479,48
129.0,48481,48
129.0,48483,48
129.0,48485,48
129.0,48487,48
129.0,48489,48
129.0,48491,48
129.0,48493,48
129.0,48495,48
129.0,48497,48
129.0,48499,48
129.0,48501,48
129.0,48503,48
129.0,48505,48
129.0,48507,48
129.0,49000,49
129.0,49001,49
129.0,49003,49
129.0,49005,49
129.0,49007,49
129.0,49009,49
129.0,49011,49
87.0,49013,49
87.0,49015,49
87.0,49017,49
87.0,49019,49
87.0,49021,49
87.0,49023,49
87.0,49025,49
87.0,49027,49
87.0,49029,49
87.0,49031,49
87.0,49033,49
147.0,49035,49
147.0,49037,49
147.0,49039,49
147.0,49041,49
147.0,49043,49
147.0,49045,49
179.0,49047,49
179.0,49049,49
179.0,49051,49
179.0,49053,49
179.0,49055,49
179.0,49057,49
40.0,50000,50
40.0,50001,50
40.0,50003,50
40.0,50005,50
40.0,50007,50
40.0,50009,50
40.0,50011,50
40.0,50013,50
40.0,50015,50
40.0,50017,50
40.0,50019,50
40.0,50021,50
40.0,50023,50
40.0,50025,50
40.0,50027,50
179.0,51000,51
179.0,51001,51
179.0,51003,51
179.0,51005,51
179.0,51007,51
179.0,51009,51
179.0,51011,51
179.0,51013,51
179.0,51015,51
179.0,51017,51
179.0,51019,51
179.0,51021,51
179.0,51023,51
179.0,51025,51
179.0,51027,51
179.0,51029,51
179.0,51031,51
179.0,51033,51
179.0,51035,51
179.0,51036,51
179.0,51037,51
179.0,51041,51
179.0,51043,51
179.0,51045,51
179.0,51047,51
179.0,51049,51
179.0,51051,51
179.0,51053,51
179.0,51057,51
166.0,51059,51
166.0,51061,51
166.0,51063,51
166.0,51065,51
166.0,51067,51
166.0,51069,51
166.0,51071,51
166.0,51073,51
166.0,51075,51
166.0,51077,51
166.0,51079,51
166.0,51081,51
166.0,51083,51
166.0,51085,51
154.0,51087,51
154.0,51089,51
154.0,51091,51
154.0,51093,51
154.0,51095,51
154.0,51097,51
154.0,51099,51
154.0,51101,51
154.0,51103,51
154.0,51105,51
154.0,51107,51
154.0,51109,51
154.0,51111,51
154.0,51113,51
154.0,51115,51
154.0,51117,51
154.0,51119,51
154.0,51121,51
154.0,51125,51
154.0,51127,51
154.0,51131,51
154.0,51133,51
154.0,51135,51
154.0,51137,51
154.0,51139,51
154.0,51141,51
154.0,51143,51
154.0,51145,51
154.0,51147,51
154.0,51149,51
154.0,51153,51
154.0,51155,51
154.0,51157,51
154.0,51159,51
90.0,51161,51
90.0,51163,51
90.0,51165,51
90.0,51167,51
90.0,51169,51
90.0,51171,51
90.0,51173,51
90.0,51175,51
90.0,51177,51
90.0,51179,51
90.0,51181,51
90.0,51183,51
90.0,51185,51
90.0,51187,51
90.0,51191,51
90.0,51193,51
90.0,51195,51
90.0,51197,51
90.0,51199,51
202.0,51510,51
202.0,51520,51
202.0,51530,51
202.0,51540,51
202.0,51550,51
202.0,51570,51
202.0,51580,51
202.0,51590,51
202.0,51595,51
202.0,51600,51
202.0,51610,51
202.0,51620,51
202.0,51630,51
202.0,51640,51
164.0,51650,51
164.0,51660,51
164.0,51670,51
164.0,51678,51
164.0,51680,51
164.0,51683,51
164.0,51685,51
164.0,51690,51
164.0,51700,51
164.0,51710,51
164.0,51720,51
164.0,51730,51
164.0,51735,51
164.0,51740,51
164.0,51750,51
164.0,51760,51
164.0,51770,51
164.0,51775,51
164.0,51790,51
164.0,51800,51
164.0,51810,51
164.0,51820,51
164.0,51830,51
164.0,51840,51
164.0,53000,53
164.0,53001,53
164.0,53003,53
164.0,53005,53
164.0,53007,53
164.0,53009,53
164.0,53011,53
164.0,53013,53
164.0,53015,53
164.0,53017,53
164.0,53019,53
164.0,53021,53
164.0,53023,53
164.0,53025,53
164.0,53027,53
164.0,53029,53
164.0,53031,53
46.0,53033,53
46.0,53035,53
46.0,53037,53
46.0,53039,53
46.0,53041,53
46.0,53043,53
46.0,53045,53
46.0,53047,53
46.0,53049,53
46.0,53051,53
46.0,53053,53
46.0,53055,53
46.0,53057,53
46.0,53059,53
46.0,53061,53
46.0,53063,53
46.0,53065,53
46.0,53067,53
46.0,53069,53
46.0,53071,53
46.0,53073,53
46.0,53075,53
46.0,53077,53
46.0,54000,54
46.0,54001,54
46.0,54003,54
46.0,54005,54
46.0,54007,54
46.0,54009,54
46.0,54011,54
46.0,54013,54
46.0,54015,54
46.0,54017,54
46.0,54019,54
46.0,54021,54
46.0,54023,54
46.0,54025,54
46.0,54027,54
46.0,54029,54
46.0,54031,54
46.0,54033,54
46.0,54035,54
46.0,54037,54
46.0,54039,54
46.0,54041,54
46.0,54043,54
46.0,54045,54
46.0,54047,54
46.0,54049,54
46.0,54051,54
46.0,54053,54
46.0,54055,54
46.0,54057,54
46.0,54059,54
46.0,54061,54
46.0,54063,54
46.0,54065,54
46.0,54067,54
46.0,54069,54
46.0,54071,54
46.0,54073,54
46.0,54075,54
46.0,54077,54
46.0,54079,54
46.0,54081,54
46.0,54083,54
46.0,54085,54
46.0,54087,54
46.0,54089,54
46.0,54091,54
46.0,54093,54
46.0,54095,54
46.0,54097,54
46.0,54099,54
46.0,54101,54
46.0,54103,54
46.0,54105,54
46.0,54107,54
46.0,54109,54
46.0,55000,55
46.0,55001,55
46.0,55003,55
46.0,55005,55
46.0,55007,55
46.0,55009,55
46.0,55011,55
46.0,55013,55
46.0,55015,55
46.0,55017,55
46.0,55019,55
46.0,55021,55
46.0,55023,55
46.0,55025,55
46.0,55027,55
46.0,55029,55
46.0,55031,55
46.0,55033,55
46.0,55035,55
46.0,55037,55
46.0,55039,55
46.0,55041,55
46.0,55043,55
46.0,55045,55
46.0,55047,55
46.0,55049,55
46.0,55051,55
46.0,55053,55
46.0,55055,55
46.0,55057,55
46.0,55059,55
46.0,55061,55
46.0,55063,55
46.0,55065,55
46.0,55067,55
46.0,55069,55
46.0,55071,55
46.0,55073,55
46.0,55075,55
46.0,55077,55
46.0,55078,55
80.0,55079,55
80.0,55081,55
80.0,55083,55
80.0,55085,55
80.0,55087,55
80.0,55089,55
80.0,55091,55
80.0,55093,55
80.0,55095,55
80.0,55097,55
80.0,55099,55
80.0,55101,55
80.0,55103,55
80.0,55105,55
80.0,55107,55
80.0,55109,55
80.0,55111,55
80.0,55113,55
80.0,55115,55
80.0,55117,55
80.0,55119,55
80.0,55121,55
80.0,55123,55
80.0,55125,55
80.0,55127,55
80.0,55129,55
80.0,55131,55
80.0,55133,55
80.0,55135,55
80.0,55137,55
80.0,55139,55
80.0,55141,55
80.0,56000,56
80.0,56001,56
80.0,56003,56
80.0,56005,56
80.0,56007,56
80.0,56009,56
80.0,56011,56
80.0,56013,56
80.0,56015,56
80.0,56017,56
80.0,56019,56
100.0,56021,56
100.0,56023,56
100.0,56025,56
100.0,56027,56
100.0,56029,56
100.0,56031,56
100.0,56033,56
100.0,56035,56
80.0,56037,56
80.0,56039,56
93.0,56041,56
93.0,56043,56
93.0,56045,56
93.0,72000,72
93.0,72001,72
93.0,72003,72
93.0,72005,72
93.0,72007,72
93.0,72009,72
93.0,72011,72
93.0,72013,72
93.0,72015,72
93.0,72017,72
93.0,72019,72
93.0,72021,72
93.0,72023,72
93.0,72025,72
93.0,72027,72
93.0,72029,72
93.0,72031,72
93.0,72033,72
93.0,72035,72
93.0,72037,72
93.0,72039,72
93.0,72041,72
93.0,72043,72
93.0,72045,72
93.0,72047,72
93.0,72049,72
93.0,72051,72
93.0,72053,72
93.0,72054,72
93.0,72055,72
93.0,72057,72
93.0,72059,72
93.0,72061,72
93.0,72063,72
93.0,72065,72
93.0,72067,72
93.0,72069,72
93.0,72071,72
93.0,72073,72
93.0,72075,72
93.0,72077,72
93.0,72079,72
93.0,72081,72
93.0,72083,72
93.0,72085,72
93.0,72087,72
93.0,72089,72
93.0,72091,72
93.0,72093,72
93.0,72095,72
93.0,72097,72
93.0,72099,72
93.0,72101,72
93.0,72103,72
93.0,72105,72
93.0,72107,72
93.0,72109,72
93.0,72111,72
93.0,72113,72
93.0,72115,72
93.0,72117,72
93.0,72119,72
93.0,72121,72
93.0,72123,72
93.0,72125,72
93.0,72127,72
93.0,72129,72
93.0,72131,72
93.0,72133,72
93.0,72135,72
93.0,72137,72
93.0,72139,72
93.0,72141,72
93.0,72143,72
93.0,72145,72
93.0,72147,72
93.0,72149,72
93.0,72151,72
93.0,72153,72
